,Condo Name,Address
1,One CANBERRA,"One CANBERRA, Singapore"
2,1 KIM KEAT CLOSE,"1 KIM KEAT CLOSE, Singapore"
3,1 LOFT,"1 LOFT, Singapore"
4,1 MOULMEIN RISE,"1 MOULMEIN RISE, Singapore"
5,1 SUITES,"1 SUITES, Singapore"
6,10 SHELFORD,"10 SHELFORD, Singapore"
9,111 EMERALD HILL,"111 EMERALD HILL, Singapore"
10,15 EASTWOOD GREEN,"15 EASTWOOD GREEN, Singapore"
11,16 @ AMBER,"16 @ AMBER, Singapore"
12,18 WOODSVILLE,"18 WOODSVILLE, Singapore"
16,21 RICHARDS,"21 RICHARDS, Singapore"
18,24 ONE RESIDENCES,"24 ONE RESIDENCES, Singapore"
19,26 NEWTON,"26 NEWTON, Singapore"
22,28 IMPERIAL RESIDENCES,"28 IMPERIAL RESIDENCES, Singapore"
23,28 RC SUITES,"28 RC SUITES, Singapore"
27,33 RESIDENCES,"33 RESIDENCES, Singapore"
28,336 RIVER VALLEY,"336 RIVER VALLEY, Singapore"
29,368 THOMSON,"368 THOMSON, Singapore"
30,38 AMBER,"38 AMBER, Singapore"
31,38 DRAYCOTT DRIVE,"38 DRAYCOTT DRIVE, Singapore"
32,38 I SUITES,"38 I SUITES, Singapore"
35,448 @ EAST COAST,"448 @ EAST COAST, Singapore"
36,57 @ KOVAN,"57 @ KOVAN, Singapore"
38,6 DERBYSHIRE,"6 DERBYSHIRE, Singapore"
41,7 ON CHAPEL,"7 ON CHAPEL, Singapore"
42,70@TRURO,"70@TRURO, Singapore"
45,8 @ WOODLEIGH,"8 @ WOODLEIGH, Singapore"
46,8 BASSEIN,"8 BASSEIN, Singapore"
47,8 EDEN GROVE,"8 EDEN GROVE, Singapore"
48,8 FARRER SUITES,"8 FARRER SUITES, Singapore"
49,8 HULLET,"8 HULLET, Singapore"
50,8 NAPIER,"8 NAPIER, Singapore"
51,8 NASSIM HILL,"8 NASSIM HILL, Singapore"
53,8 RAJA,"8 RAJA, Singapore"
54,8 SAINT THOMAS,"8 SAINT THOMAS, Singapore"
56,8M RESIDENCES,"8M RESIDENCES, Singapore"
59,AALTO,"AALTO, Singapore"
60,ADAM GREEN,"ADAM GREEN, Singapore"
61,ADANA @ THOMSON,"ADANA @ THOMSON, Singapore"
62,ADORA GREEN,"ADORA GREEN, Singapore"
63,ADRIA,"ADRIA, Singapore"
66,ALBA,"ALBA, Singapore"
67,ALESSANDREA,"ALESSANDREA, Singapore"
68,ALEX RESIDENCES,"ALEX RESIDENCES, Singapore"
70,ALEXIS,"ALEXIS, Singapore"
71,ALLSWORTH PARK,"ALLSWORTH PARK, Singapore"
72,ALOCASSIA APARTMENTS,"ALOCASSIA APARTMENTS, Singapore"
74,AMANINDA,"AMANINDA, Singapore"
75,AMARANDA GARDENS,"AMARANDA GARDENS, Singapore"
76,AMARYLLIS VILLE,"AMARYLLIS VILLE, Singapore"
77,AMBER 45,"AMBER 45, Singapore"
78,AMBER PARK,"AMBER PARK, Singapore"
79,AMBER POINT,"AMBER POINT, Singapore"
80,AMBER RESIDENCES,"AMBER RESIDENCES, Singapore"
81,AMBER SKYE,"AMBER SKYE, Singapore"
82,AMORE,"AMORE, Singapore"
83,AMPAS APARTMENTS,"AMPAS APARTMENTS, Singapore"
88,APLETON VIEW,"APLETON VIEW, Singapore"
90,AQUARIUS BY THE PARK,"AQUARIUS BY THE PARK, Singapore"
92,ARC AT TAMPINES,"ARC AT TAMPINES, Singapore"
93,ARCHIPELAGO,"ARCHIPELAGO, Singapore"
94,ARDMORE 3,"ARDMORE 3, Singapore"
95,ARDMORE II,"ARDMORE II, Singapore"
96,ARDMORE PARK,"ARDMORE PARK, Singapore"
97,ARDMORE RESIDENCE,"ARDMORE RESIDENCE, Singapore"
100,ARTRA,"ARTRA, Singapore"
101,ASCENT @ 456,"ASCENT @ 456, Singapore"
102,ASCENTIA SKY,"ASCENTIA SKY, Singapore"
103,ASPEN HEIGHTS,"ASPEN HEIGHTS, Singapore"
104,ASPEN LOFT,"ASPEN LOFT, Singapore"
107,ASTOR GREEN,"ASTOR GREEN, Singapore"
108,ASTORIA PARK,"ASTORIA PARK, Singapore"
109,ASTRID MEADOWS,"ASTRID MEADOWS, Singapore"
111,ATRIUM RESIDENCES,"ATRIUM RESIDENCES, Singapore"
114,AUSTVILLE RESIDENCES,"AUSTVILLE RESIDENCES, Singapore"
115,AVA TOWERS,"AVA TOWERS, Singapore"
116,AVALON,"AVALON, Singapore"
117,AVENUE PARK,"AVENUE PARK, Singapore"
118,AVILA GARDENS,"AVILA GARDENS, Singapore"
119,AVON PARK,"AVON PARK, Singapore"
120,AXIS @ SIGLAP,"AXIS @ SIGLAP, Singapore"
121,AZALEA PARK CONDOMINIUM,"AZALEA PARK CONDOMINIUM, Singapore"
122,BAGNALL COURT,"BAGNALL COURT, Singapore"
123,BALCON EAST,"BALCON EAST, Singapore"
126,BALESTIER PLAZA,"BALESTIER PLAZA, Singapore"
127,BALESTIER POINT,"BALESTIER POINT, Singapore"
128,BALESTIER REGENCY,"BALESTIER REGENCY, Singapore"
129,BALLOTA PARK CONDOMINIUM,"BALLOTA PARK CONDOMINIUM, Singapore"
130,BALMORAL 8,"BALMORAL 8, Singapore"
132,BALMORAL CREST,"BALMORAL CREST, Singapore"
133,BALMORAL GATE,"BALMORAL GATE, Singapore"
135,BALMORAL HEIGHTS,"BALMORAL HEIGHTS, Singapore"
136,BALMORAL HILLS,"BALMORAL HILLS, Singapore"
137,BALMORAL LUCK,"BALMORAL LUCK, Singapore"
138,BALMORAL PLACE,"BALMORAL PLACE, Singapore"
139,BALMORAL POINT,"BALMORAL POINT, Singapore"
140,BALMORAL RESIDENCES,"BALMORAL RESIDENCES, Singapore"
141,BALMORAL TOWER,"BALMORAL TOWER, Singapore"
143,BANYAN CONDOMINIUM,"BANYAN CONDOMINIUM, Singapore"
145,BARTLEY RESIDENCES,"BARTLEY RESIDENCES, Singapore"
146,BARTLEY RIDGE,"BARTLEY RIDGE, Singapore"
147,BARTLEY VUE,"BARTLEY VUE, Singapore"
148,BASSEIN COURT,"BASSEIN COURT, Singapore"
150,BAYOU RESIDENCE,"BAYOU RESIDENCE, Singapore"
151,BAYSHORE PARK,"BAYSHORE PARK, Singapore"
152,BAYVILLE CONDOMINIUM,"BAYVILLE CONDOMINIUM, Singapore"
153,BAYWATER,"BAYWATER, Singapore"
154,BEACON HEIGHTS,"BEACON HEIGHTS, Singapore"
156,BEAUFORT ON NASSIM,"BEAUFORT ON NASSIM, Singapore"
157,BEAVERTON COURT,"BEAVERTON COURT, Singapore"
158,BEDOK COURT,"BEDOK COURT, Singapore"
160,BELLA CASITA,"BELLA CASITA, Singapore"
162,BELLE VUE RESIDENCES,"BELLE VUE RESIDENCES, Singapore"
163,BELLERIVE,"BELLERIVE, Singapore"
164,BELLEWATERS,"BELLEWATERS, Singapore"
165,BELLEWOODS,"BELLEWOODS, Singapore"
167,BELMOND GREEN,"BELMOND GREEN, Singapore"
168,BELMONDO VIEW,"BELMONDO VIEW, Singapore"
169,BELYSA,"BELYSA, Singapore"
171,BERKELEY RESIDENCES,"BERKELEY RESIDENCES, Singapore"
172,BEVERLY HILL,"BEVERLY HILL, Singapore"
173,BIJOU,"BIJOU, Singapore"
174,BIRCHWOOD MANSIONS,"BIRCHWOOD MANSIONS, Singapore"
175,BIRMINGHAM MANSIONS,"BIRMINGHAM MANSIONS, Singapore"
176,BISHAN 8,"BISHAN 8, Singapore"
177,BISHAN LOFT,"BISHAN LOFT, Singapore"
178,BISHAN POINT,"BISHAN POINT, Singapore"
179,BISHOPSGATE RESIDENCES,"BISHOPSGATE RESIDENCES, Singapore"
180,BLEU @ EAST COAST,"BLEU @ EAST COAST, Singapore"
181,BLISS LOFT,"BLISS LOFT, Singapore"
183,BLISS RESIDENCES,"BLISS RESIDENCES, Singapore"
185,BLOSSOM RESIDENCES,"BLOSSOM RESIDENCES, Singapore"
186,BLOSSOM VIEW,"BLOSSOM VIEW, Singapore"
187,BLOSSOMS @ WOODLEIGH,"BLOSSOMS @ WOODLEIGH, Singapore"
188,BLU CORAL,"BLU CORAL, Singapore"
189,BLUE HORIZON,"BLUE HORIZON, Singapore"
190,BLUWATERS 2,"BLUWATERS 2, Singapore"
191,BOATHOUSE RESIDENCES,"BOATHOUSE RESIDENCES, Singapore"
192,BOON COURT,"BOON COURT, Singapore"
193,BOON TECK APARTMENTS,"BOON TECK APARTMENTS, Singapore"
194,BOON TECK LODGE,"BOON TECK LODGE, Singapore"
195,BOON TECK TOWER,"BOON TECK TOWER, Singapore"
196,BOONVIEW,"BOONVIEW, Singapore"
197,BOTANIC GARDENS MANSION,"BOTANIC GARDENS MANSION, Singapore"
198,BOTANIC GARDENS VIEW,"BOTANIC GARDENS VIEW, Singapore"
199,BOTANIKA,"BOTANIKA, Singapore"
201,BOTANNIA,"BOTANNIA, Singapore"
202,BOUGAINVILLA APARTMENTS,"BOUGAINVILLA APARTMENTS, Singapore"
203,BOULEVARD VUE,"BOULEVARD VUE, Singapore"
205,BRADDELL PARK,"BRADDELL PARK, Singapore"
208,BRIGHTON VIEW,"BRIGHTON VIEW, Singapore"
211,BUCKLEY 18,"BUCKLEY 18, Singapore"
212,BUCKLEY RESIDENCE,"BUCKLEY RESIDENCE, Singapore"
213,BUKIT REGENCY,"BUKIT REGENCY, Singapore"
215,BULLION PARK,"BULLION PARK, Singapore"
216,BUONA LODGE,"BUONA LODGE, Singapore"
217,BUONA VISTA GARDENS,"BUONA VISTA GARDENS, Singapore"
218,BUTTERWORTH 33,"BUTTERWORTH 33, Singapore"
219,BUTTERWORTH VIEW,"BUTTERWORTH VIEW, Singapore"
220,CADENCE LIGHT,"CADENCE LIGHT, Singapore"
221,CAIRNHILL ASTORIA,"CAIRNHILL ASTORIA, Singapore"
222,CAIRNHILL CREST,"CAIRNHILL CREST, Singapore"
224,CAIRNHILL PLAZA,"CAIRNHILL PLAZA, Singapore"
225,CAIRNHILL RESIDENCES,"CAIRNHILL RESIDENCES, Singapore"
226,CALARASI,"CALARASI, Singapore"
227,CALIN MANSIONS,"CALIN MANSIONS, Singapore"
228,CALLIDORA VILLE,"CALLIDORA VILLE, Singapore"
229,CAMBIO SUITES,"CAMBIO SUITES, Singapore"
235,CANBERRA RESIDENCES,"CANBERRA RESIDENCES, Singapore"
236,CANDEVILLE,"CANDEVILLE, Singapore"
241,CAPE ROYALE,"CAPE ROYALE, Singapore"
242,CARABELLE,"CARABELLE, Singapore"
243,CARDIFF RESIDENCE,"CARDIFF RESIDENCE, Singapore"
244,CARIBBEAN AT KEPPEL BAY,"CARIBBEAN AT KEPPEL BAY, Singapore"
245,CARISSA PARK CONDOMINIUM,"CARISSA PARK CONDOMINIUM, Singapore"
249,CARMI MANSIONS,"CARMI MANSIONS, Singapore"
251,CASA AERATA,"CASA AERATA, Singapore"
252,CASA AL MARE,"CASA AL MARE, Singapore"
254,CASA CAIRNHILL,"CASA CAIRNHILL, Singapore"
255,CASA CAMBIO,"CASA CAMBIO, Singapore"
257,CASA EMERALD,"CASA EMERALD, Singapore"
258,CASA ESPANIA,"CASA ESPANIA, Singapore"
259,CASA ESPERANZA,"CASA ESPERANZA, Singapore"
263,CASA FORTUNA,"CASA FORTUNA, Singapore"
264,CASA IRRAWADDY,"CASA IRRAWADDY, Singapore"
265,CASA JERVOIS,"CASA JERVOIS, Singapore"
266,CASA MELWANI,"CASA MELWANI, Singapore"
267,CASA MERAH,"CASA MERAH, Singapore"
268,CASA MEYA,"CASA MEYA, Singapore"
269,CASA NOVACREST,"CASA NOVACREST, Singapore"
270,CASA PASIR RIS,"CASA PASIR RIS, Singapore"
272,CASA ROSA,"CASA ROSA, Singapore"
273,CASA SARINA,"CASA SARINA, Singapore"
276,CASABLANCA,"CASABLANCA, Singapore"
277,CASAFINA,"CASAFINA, Singapore"
278,CASCADALE,"CASCADALE, Singapore"
279,CASCATA,"CASCATA, Singapore"
281,CASHEW PARK CONDOMINIUM,"CASHEW PARK CONDOMINIUM, Singapore"
282,CASPIAN,"CASPIAN, Singapore"
283,CASSIA EDGE,"CASSIA EDGE, Singapore"
284,CASSIA VIEW,"CASSIA VIEW, Singapore"
285,CASTLE GREEN,"CASTLE GREEN, Singapore"
286,CASTLE LOFT,"CASTLE LOFT, Singapore"
288,CAVENAGH COURT,"CAVENAGH COURT, Singapore"
289,CAVENAGH GARDENS,"CAVENAGH GARDENS, Singapore"
290,CAVENAGH HOUSE,"CAVENAGH HOUSE, Singapore"
291,CAVENAGH LODGE,"CAVENAGH LODGE, Singapore"
292,CAVENDISH PARK,"CAVENDISH PARK, Singapore"
294,CELESTIA,"CELESTIA, Singapore"
295,CENTRA HEIGHTS,"CENTRA HEIGHTS, Singapore"
300,CENTRAL GREEN CONDOMINIUM,"CENTRAL GREEN CONDOMINIUM, Singapore"
301,CENTRAL GROVE,"CENTRAL GROVE, Singapore"
302,CENTRAL IMPERIAL,"CENTRAL IMPERIAL, Singapore"
303,CENTRAL MEADOWS,"CENTRAL MEADOWS, Singapore"
304,CENTRAL VIEW,"CENTRAL VIEW, Singapore"
311,CHANCERY ESQUIRE,"CHANCERY ESQUIRE, Singapore"
312,CHANCERY PARK,"CHANCERY PARK, Singapore"
313,CHANGI COURT,"CHANGI COURT, Singapore"
315,CHANGI GREEN,"CHANGI GREEN, Singapore"
316,CHANTILLY RISE,"CHANTILLY RISE, Singapore"
319,CHARISMA VIEW,"CHARISMA VIEW, Singapore"
320,CHARLESTON,"CHARLESTON, Singapore"
321,CHARLTON CORNER,"CHARLTON CORNER, Singapore"
322,CHARMING GARDEN,"CHARMING GARDEN, Singapore"
323,CHATEAU LE FAME,"CHATEAU LE FAME, Singapore"
324,CHELSEA GARDENS,"CHELSEA GARDENS, Singapore"
326,CHEN FANG MANSIONS,"CHEN FANG MANSIONS, Singapore"
327,CHERRY GARDENS,"CHERRY GARDENS, Singapore"
329,CHESTERVALE,"CHESTERVALE, Singapore"
330,CHESTNUT-VILLE,"CHESTNUT-VILLE, Singapore"
332,CHIVERTON,"CHIVERTON, Singapore"
334,CHOON KIM HOUSE,"CHOON KIM HOUSE, Singapore"
335,CHOON MOEY MANSIONS,"CHOON MOEY MANSIONS, Singapore"
338,CHUAN PARK,"CHUAN PARK, Singapore"
342,CITY EDGE,"CITY EDGE, Singapore"
344,CITY LOFT,"CITY LOFT, Singapore"
345,CITY REGENCY,"CITY REGENCY, Singapore"
346,CITY SQUARE RESIDENCES,"CITY SQUARE RESIDENCES, Singapore"
347,CITY SUITES,"CITY SUITES, Singapore"
348,CITYLIFE @ TAMPINES,"CITYLIFE @ TAMPINES, Singapore"
349,CITYLIFE@TAMPINES,"CITYLIFE@TAMPINES, Singapore"
351,CITYSCAPE @ FARRER PARK,"CITYSCAPE @ FARRER PARK, Singapore"
352,CITYVISTA RESIDENCES,"CITYVISTA RESIDENCES, Singapore"
353,CLAREMONT,"CLAREMONT, Singapore"
354,CLEMENTI PARK,"CLEMENTI PARK, Singapore"
356,CLIFTEN,"CLIFTEN, Singapore"
357,CLIVEDEN AT GRANGE,"CLIVEDEN AT GRANGE, Singapore"
358,CLOVER PARK,"CLOVER PARK, Singapore"
359,CLUNY PARK RESIDENCE,"CLUNY PARK RESIDENCE, Singapore"
360,CLYDES RESIDENCE,"CLYDES RESIDENCE, Singapore"
361,COASTAL BREEZE RESIDENCES,"COASTAL BREEZE RESIDENCES, Singapore"
362,COASTAL VIEW RESIDENCES,"COASTAL VIEW RESIDENCES, Singapore"
363,COASTARINA,"COASTARINA, Singapore"
364,COCO PALMS,"COCO PALMS, Singapore"
365,COMMONWEALTH TOWERS,"COMMONWEALTH TOWERS, Singapore"
366,COMPASS HEIGHTS,"COMPASS HEIGHTS, Singapore"
368,CORALS AT KEPPEL BAY,"CORALS AT KEPPEL BAY, Singapore"
369,CORONA VILLE,"CORONA VILLE, Singapore"
370,CORONATION ARCADE,"CORONATION ARCADE, Singapore"
371,CORONATION GROVE,"CORONATION GROVE, Singapore"
372,CORONATION SHOPPING PLAZA,"CORONATION SHOPPING PLAZA, Singapore"
373,COSMO,"COSMO, Singapore"
374,COSTA DEL SOL,"COSTA DEL SOL, Singapore"
378,COTE D'AZUR,"COTE D'AZUR, Singapore"
379,COUNTRY ESQUIRE,"COUNTRY ESQUIRE, Singapore"
380,COUNTRY GRANDEUR,"COUNTRY GRANDEUR, Singapore"
381,COUNTRY PARK CONDO,"COUNTRY PARK CONDO, Singapore"
382,COUNTRY PARK CONDOMINIUM,"COUNTRY PARK CONDOMINIUM, Singapore"
383,CRADELS,"CRADELS, Singapore"
384,CRAIG PLACE,"CRAIG PLACE, Singapore"
385,CRANE COURT,"CRANE COURT, Singapore"
386,CRESCENDO BUILDING,"CRESCENDO BUILDING, Singapore"
387,CRESCENDO PARK,"CRESCENDO PARK, Singapore"
388,CROWN CENTRE,"CROWN CENTRE, Singapore"
389,CRYSTAL COURT,"CRYSTAL COURT, Singapore"
391,CRYSTAL DEW,"CRYSTAL DEW, Singapore"
392,CRYSTAL HEIGHTS,"CRYSTAL HEIGHTS, Singapore"
395,CUBE 8,"CUBE 8, Singapore"
397,CYAN,"CYAN, Singapore"
398,D - HERITAGE APARTMENTS,"D - HERITAGE APARTMENTS, Singapore"
399,D' PALMA,"D' PALMA, Singapore"
400,D'CHATEAU @ SHELFORD,"D'CHATEAU @ SHELFORD, Singapore"
401,D'ECOSIA,"D'ECOSIA, Singapore"
402,D'HIRO @ HILLSIDE,"D'HIRO @ HILLSIDE, Singapore"
403,D'LEEDON,"D'LEEDON, Singapore"
404,D'LOTUS,"D'LOTUS, Singapore"
405,D'MIRA,"D'MIRA, Singapore"
406,D'NEST,"D'NEST, Singapore"
407,D'OASIA,"D'OASIA, Singapore"
408,D'PAVILION,"D'PAVILION, Singapore"
409,D'SUNRISE,"D'SUNRISE, Singapore"
410,D'WEAVE,"D'WEAVE, Singapore"
412,DAHLIA PARK CONDOMINIUM,"DAHLIA PARK CONDOMINIUM, Singapore"
413,DAISY LODGE,"DAISY LODGE, Singapore"
414,DAISY SUITES,"DAISY SUITES, Singapore"
415,DAKOTA RESIDENCES,"DAKOTA RESIDENCES, Singapore"
416,DALVEY COURT,"DALVEY COURT, Singapore"
417,DARBY PARK,"DARBY PARK, Singapore"
418,DAWN VILLE,"DAWN VILLE, Singapore"
419,DE LENTE,"DE LENTE, Singapore"
420,DE PARADISO,"DE PARADISO, Singapore"
421,DE ROYALE,"DE ROYALE, Singapore"
422,DELIGHT COURT,"DELIGHT COURT, Singapore"
423,DENG FU VILLE,"DENG FU VILLE, Singapore"
424,DERBYSHIRE HEIGHTS,"DERBYSHIRE HEIGHTS, Singapore"
427,DLV,"DLV, Singapore"
428,DOMAIN 21,"DOMAIN 21, Singapore"
429,DOMUS,"DOMUS, Singapore"
432,DORSET MANSIONS,"DORSET MANSIONS, Singapore"
433,DORSETT RESIDENCES,"DORSETT RESIDENCES, Singapore"
434,DOVER PARKVIEW,"DOVER PARKVIEW, Singapore"
435,DRAYCOTT DRIVE,"DRAYCOTT DRIVE, Singapore"
436,DRAYCOTT PARK,"DRAYCOTT PARK, Singapore"
438,DUCHESS MANOR,"DUCHESS MANOR, Singapore"
439,DUCHESS RESIDENCES,"DUCHESS RESIDENCES, Singapore"
441,DUCHESS ROYALE,"DUCHESS ROYALE, Singapore"
443,DUET,"DUET, Singapore"
448,DUNEARN LODGE,"DUNEARN LODGE, Singapore"
449,DUNEARN SUITES,"DUNEARN SUITES, Singapore"
450,DUNMAN PLACE,"DUNMAN PLACE, Singapore"
452,DUNMAN VIEW,"DUNMAN VIEW, Singapore"
453,DYNASTY LODGE,"DYNASTY LODGE, Singapore"
455,E-SPACE,"E-SPACE, Singapore"
458,EAST BAY GARDENS,"EAST BAY GARDENS, Singapore"
465,EAST MEADOWS,"EAST MEADOWS, Singapore"
467,EAST PALM,"EAST PALM, Singapore"
468,EAST SHINE,"EAST SHINE, Singapore"
469,EAST TREASURE,"EAST TREASURE, Singapore"
470,EAST VIEW,"EAST VIEW, Singapore"
471,EAST VIEW 18,"EAST VIEW 18, Singapore"
472,EAST VILLAGE,"EAST VILLAGE, Singapore"
475,EASTERN LAGOON,"EASTERN LAGOON, Singapore"
477,EASTPAC BUILDING,"EASTPAC BUILDING, Singapore"
478,EASTPOINT GREEN,"EASTPOINT GREEN, Singapore"
483,EASTWOOD CENTRE,"EASTWOOD CENTRE, Singapore"
484,EASTWOOD LODGE,"EASTWOOD LODGE, Singapore"
485,EASTWOOD REGENCY,"EASTWOOD REGENCY, Singapore"
486,EBER GARDENS,"EBER GARDENS, Singapore"
488,ECHELON,"ECHELON, Singapore"
489,ECO,"ECO, Singapore"
491,ECOPOLITAN,"ECOPOLITAN, Singapore"
492,ECOVILLE,"ECOVILLE, Singapore"
493,EDELWEISS PARK CONDOMINIUM,"EDELWEISS PARK CONDOMINIUM, Singapore"
494,EDEN CREST,"EDEN CREST, Singapore"
496,EDEN VIEW,"EDEN VIEW, Singapore"
498,EDENZ SUITES,"EDENZ SUITES, Singapore"
499,EIGHT COURTYARDS,"EIGHT COURTYARDS, Singapore"
502,ELIAS GREEN,"ELIAS GREEN, Singapore"
503,ELIZABETH HEIGHTS,"ELIZABETH HEIGHTS, Singapore"
506,EMERALD APARTMENTS,"EMERALD APARTMENTS, Singapore"
507,EMERALD PARK,"EMERALD PARK, Singapore"
508,EMERY POINT,"EMERY POINT, Singapore"
511,ENG AUN MANSION,"ENG AUN MANSION, Singapore"
515,EQUATORIAL APARTMENTS,"EQUATORIAL APARTMENTS, Singapore"
516,ESCADA VIEW,"ESCADA VIEW, Singapore"
517,ESPA,"ESPA, Singapore"
518,ESPADA,"ESPADA, Singapore"
519,ESPANA,"ESPANA, Singapore"
520,ESPARINA RESIDENCES,"ESPARINA RESIDENCES, Singapore"
522,ESPIRA SPRING,"ESPIRA SPRING, Singapore"
523,ESTA RUBY,"ESTA RUBY, Singapore"
524,ESTELLA GARDENS,"ESTELLA GARDENS, Singapore"
527,ESTIQUE,"ESTIQUE, Singapore"
529,EUHABITAT,"EUHABITAT, Singapore"
530,EUNOS GREEN,"EUNOS GREEN, Singapore"
531,EUNOS PARK,"EUNOS PARK, Singapore"
532,EUPHONY GARDENS,"EUPHONY GARDENS, Singapore"
533,EURO-ASIA COURT,"EURO-ASIA COURT, Singapore"
534,EURO-ASIA PARK,"EURO-ASIA PARK, Singapore"
535,EVANIA,"EVANIA, Singapore"
536,EVELYN MANSIONS,"EVELYN MANSIONS, Singapore"
538,EVERGREEN PARK,"EVERGREEN PARK, Singapore"
539,EVERGREEN RESIDENCES,"EVERGREEN RESIDENCES, Singapore"
541,EVERITT EDGE,"EVERITT EDGE, Singapore"
543,EWE BOON REGENT,"EWE BOON REGENT, Singapore"
545,FABER GARDEN CONDOMINIUM,"FABER GARDEN CONDOMINIUM, Singapore"
546,FAIRLODGE,"FAIRLODGE, Singapore"
549,FAR HORIZON GARDENS,"FAR HORIZON GARDENS, Singapore"
550,FARRER PARK SUITES,"FARRER PARK SUITES, Singapore"
551,FENARA COURT,"FENARA COURT, Singapore"
553,FERNHILL COTTAGE,"FERNHILL COTTAGE, Singapore"
555,FERNHILL RESIDENCES,"FERNHILL RESIDENCES, Singapore"
556,FERNWOOD TOWERS,"FERNWOOD TOWERS, Singapore"
557,FERRA,"FERRA, Singapore"
559,FERRELL RESIDENCES,"FERRELL RESIDENCES, Singapore"
560,FIFTEEN ROBIN,"FIFTEEN ROBIN, Singapore"
561,FIFTH AVENUE CONDOMINIUM,"FIFTH AVENUE CONDOMINIUM, Singapore"
562,FIFTY-TWO STEVENS,"FIFTY-TWO STEVENS, Singapore"
563,FINLAND GARDENS,"FINLAND GARDENS, Singapore"
564,FIORENZA,"FIORENZA, Singapore"
566,FLAME TREE PARK,"FLAME TREE PARK, Singapore"
567,FLAMINGO VALLEY,"FLAMINGO VALLEY, Singapore"
568,FLO RESIDENCE,"FLO RESIDENCE, Singapore"
569,FLORA EAST,"FLORA EAST, Singapore"
572,FLORIDIAN,"FLORIDIAN, Singapore"
573,FONTAINE PARRY,"FONTAINE PARRY, Singapore"
574,FONTANA HEIGHTS,"FONTANA HEIGHTS, Singapore"
575,FORESQUE RESIDENCES,"FORESQUE RESIDENCES, Singapore"
576,FOREST HILLS CONDOMINIUM,"FOREST HILLS CONDOMINIUM, Singapore"
577,FOREST WOODS,"FOREST WOODS, Singapore"
578,FORESTVILLE,"FORESTVILLE, Singapore"
579,FORT GARDENS,"FORT GARDENS, Singapore"
580,FORTE SUITES,"FORTE SUITES, Singapore"
581,FORTUNE JADE,"FORTUNE JADE, Singapore"
582,FORTUNE PARK,"FORTUNE PARK, Singapore"
585,FOUR SEASONS PARK,"FOUR SEASONS PARK, Singapore"
586,FRAGRANCE COURT,"FRAGRANCE COURT, Singapore"
587,FRAGRANT GARDENS,"FRAGRANT GARDENS, Singapore"
588,FRASER SUITES,"FRASER SUITES, Singapore"
589,FREESIA WOODS,"FREESIA WOODS, Singapore"
590,FRUITION,"FRUITION, Singapore"
591,FULCRUM,"FULCRUM, Singapore"
592,G RESIDENCES,"G RESIDENCES, Singapore"
593,GAIA,"GAIA, Singapore"
594,GALAXY TOWERS,"GALAXY TOWERS, Singapore"
595,GALLERY 8,"GALLERY 8, Singapore"
596,GALLERY FIFTEEN,"GALLERY FIFTEEN, Singapore"
597,GALLOP COURT,"GALLOP COURT, Singapore"
598,GALLOP GABLES,"GALLOP GABLES, Singapore"
601,GAMBIR RIDGE,"GAMBIR RIDGE, Singapore"
602,GARDEN APARTMENT,"GARDEN APARTMENT, Singapore"
603,GARDEN PARK RESIDENCES,"GARDEN PARK RESIDENCES, Singapore"
604,GARDENVILLE,"GARDENVILLE, Singapore"
606,GEM RESIDENCES,"GEM RESIDENCES, Singapore"
613,GILSTEAD 38,"GILSTEAD 38, Singapore"
614,GILSTEAD COURT,"GILSTEAD COURT, Singapore"
615,GILSTEAD MANSION,"GILSTEAD MANSION, Singapore"
616,GILSTEAD TWO,"GILSTEAD TWO, Singapore"
617,GISBORNE LIGHT,"GISBORNE LIGHT, Singapore"
618,GLAMOUR VILLE,"GLAMOUR VILLE, Singapore"
622,GLOBAL VILLE,"GLOBAL VILLE, Singapore"
623,GLORIA MANSION,"GLORIA MANSION, Singapore"
624,GLOUCESTER MANSIONS,"GLOUCESTER MANSIONS, Singapore"
625,GOLD COAST CONDOMINIUM,"GOLD COAST CONDOMINIUM, Singapore"
628,GOLDEN HEIGHTS,"GOLDEN HEIGHTS, Singapore"
629,GOLDENHILL PARK CONDOMINIUM,"GOLDENHILL PARK CONDOMINIUM, Singapore"
632,GOODWILL COURT,"GOODWILL COURT, Singapore"
633,GOODWOOD GARDENS,"GOODWOOD GARDENS, Singapore"
634,GOODWOOD GRAND,"GOODWOOD GRAND, Singapore"
635,GOODWOOD RESIDENCE,"GOODWOOD RESIDENCE, Singapore"
636,GRACE APARTMENTS,"GRACE APARTMENTS, Singapore"
637,GRACIOUS MANSIONS,"GRACIOUS MANSIONS, Singapore"
638,GRAMERCY PARK,"GRAMERCY PARK, Singapore"
639,GRAND CHATEAU,"GRAND CHATEAU, Singapore"
640,GRAND REGALIA,"GRAND REGALIA, Singapore"
641,GRAND REGENCY,"GRAND REGENCY, Singapore"
643,GRANDE VISTA,"GRANDE VISTA, Singapore"
644,GRANDEUR 8,"GRANDEUR 8, Singapore"
645,GRANDEUR PARK RESIDENCES,"GRANDEUR PARK RESIDENCES, Singapore"
646,GRANGE 1866,"GRANGE 1866, Singapore"
647,GRANGE HEIGHTS,"GRANGE HEIGHTS, Singapore"
648,GRANGE INFINITE,"GRANGE INFINITE, Singapore"
649,GRANGE RESIDENCES,"GRANGE RESIDENCES, Singapore"
650,GRAY LANE,"GRAY LANE, Singapore"
651,GRAY MANSIONS,"GRAY MANSIONS, Singapore"
653,GREEN PARK,"GREEN PARK, Singapore"
655,GROSVENOR VIEW,"GROSVENOR VIEW, Singapore"
656,GUILIN COURT,"GUILIN COURT, Singapore"
657,GUILIN MANSIONS,"GUILIN MANSIONS, Singapore"
658,GUILIN VIEW,"GUILIN VIEW, Singapore"
659,GUILLEMARD APARTMENTS,"GUILLEMARD APARTMENTS, Singapore"
660,GUILLEMARD EDGE,"GUILLEMARD EDGE, Singapore"
661,GUILLEMARD SUITES,"GUILLEMARD SUITES, Singapore"
663,H2O RESIDENCES,"H2O RESIDENCES, Singapore"
664,HAIG 162,"HAIG 162, Singapore"
666,HAIG COURT,"HAIG COURT, Singapore"
670,HAIG TEN,"HAIG TEN, Singapore"
671,HALLMARK RESIDENCES,"HALLMARK RESIDENCES, Singapore"
674,HARBOUR SUITES,"HARBOUR SUITES, Singapore"
675,HARBOUR VIEW GARDENS,"HARBOUR VIEW GARDENS, Singapore"
676,HARBOUR VIEW TOWERS,"HARBOUR VIEW TOWERS, Singapore"
677,HARBOURLIGHTS,"HARBOURLIGHTS, Singapore"
678,HARVEST MANSIONS,"HARVEST MANSIONS, Singapore"
679,HAWAII TOWER,"HAWAII TOWER, Singapore"
680,HEDGES PARK CONDOMINIUM,"HEDGES PARK CONDOMINIUM, Singapore"
682,HERITAGE APARTMENTS,"HERITAGE APARTMENTS, Singapore"
685,HERITAGE VIEW,"HERITAGE VIEW, Singapore"
686,HERON BAY,"HERON BAY, Singapore"
687,HERTFORD COLLECTION,"HERTFORD COLLECTION, Singapore"
690,HIGH PARK RESIDENCES,"HIGH PARK RESIDENCES, Singapore"
691,HIGH POINT,"HIGH POINT, Singapore"
692,HIGHGATE,"HIGHGATE, Singapore"
693,HIGHLAND CENTRE,"HIGHLAND CENTRE, Singapore"
695,HIGHLINE RESIDENCES,"HIGHLINE RESIDENCES, Singapore"
698,HILLBROOKS,"HILLBROOKS, Singapore"
699,HILLCREST ARCADIA,"HILLCREST ARCADIA, Singapore"
701,HILLS TWOONE,"HILLS TWOONE, Singapore"
702,HILLSIDE MANSIONS,"HILLSIDE MANSIONS, Singapore"
703,HILLSTA,"HILLSTA, Singapore"
704,HILLTOP GROVE,"HILLTOP GROVE, Singapore"
705,HILLTOPS,"HILLTOPS, Singapore"
706,HILLVIEW 128,"HILLVIEW 128, Singapore"
707,HILLVIEW APARTMENTS,"HILLVIEW APARTMENTS, Singapore"
708,HILLVIEW AVENUE,"HILLVIEW AVENUE, Singapore"
709,HILLVIEW GREEN,"HILLVIEW GREEN, Singapore"
710,HILLVIEW REGENCY,"HILLVIEW REGENCY, Singapore"
711,HILLVIEW RESIDENCE,"HILLVIEW RESIDENCE, Singapore"
712,HILLVISTA,"HILLVISTA, Singapore"
714,HOLLAND 100,"HOLLAND 100, Singapore"
715,HOLLAND COURT,"HOLLAND COURT, Singapore"
716,HOLLAND GEMS,"HOLLAND GEMS, Singapore"
717,HOLLAND HILL LODGE,"HOLLAND HILL LODGE, Singapore"
718,HOLLAND HILL PARK,"HOLLAND HILL PARK, Singapore"
719,HOLLAND MANSION,"HOLLAND MANSION, Singapore"
721,HOLLAND PEAK,"HOLLAND PEAK, Singapore"
724,HOLLAND VIEW,"HOLLAND VIEW, Singapore"
725,HOLLANDSWOOD COURT,"HOLLANDSWOOD COURT, Singapore"
727,HOLT RESIDENCES,"HOLT RESIDENCES, Singapore"
729,HONG BUILDING,"HONG BUILDING, Singapore"
731,HONG HENG MANSIONS,"HONG HENG MANSIONS, Singapore"
732,HONOLULU TOWER,"HONOLULU TOWER, Singapore"
734,HORIZON GARDENS,"HORIZON GARDENS, Singapore"
735,HORIZON RESIDENCES,"HORIZON RESIDENCES, Singapore"
736,HORIZON TOWERS,"HORIZON TOWERS, Singapore"
738,HOUGANG AVENUE 2,"HOUGANG AVENUE 2, Singapore"
739,HOUGANG GREEN,"HOUGANG GREEN, Singapore"
740,HUA YU MANSION,"HUA YU MANSION, Singapore"
741,HULLET RISE,"HULLET RISE, Singapore"
742,HUNDRED TREES,"HUNDRED TREES, Singapore"
743,ICON,"ICON, Singapore"
744,IDYLLIC EAST,"IDYLLIC EAST, Singapore"
746,IDYLLIC SUITES,"IDYLLIC SUITES, Singapore"
750,INTERO,"INTERO, Singapore"
751,INZ RESIDENCE,"INZ RESIDENCE, Singapore"
752,IRESIDENCES,"IRESIDENCES, Singapore"
753,IRIDIUM,"IRIDIUM, Singapore"
757,IVORY,"IVORY, Singapore"
759,IVORY HEIGHTS,"IVORY HEIGHTS, Singapore"
760,J C DRAYCOTT,"J C DRAYCOTT, Singapore"
762,JADE GARDEN,"JADE GARDEN, Singapore"
763,JADE MANSION,"JADE MANSION, Singapore"
764,JADE RESIDENCES,"JADE RESIDENCES, Singapore"
765,JADESCAPE,"JADESCAPE, Singapore"
766,JALAN DATOH,"JALAN DATOH, Singapore"
767,JALAN DUSUN,"JALAN DUSUN, Singapore"
768,JANSEN 28,"JANSEN 28, Singapore"
773,JC VILLE,"JC VILLE, Singapore"
776,JERVOIS GROVE,"JERVOIS GROVE, Singapore"
778,JERVOIS MANSIONS,"JERVOIS MANSIONS, Singapore"
782,JEWEL @ BUANGKOK,"JEWEL @ BUANGKOK, Singapore"
783,JIA,"JIA, Singapore"
784,JING SUITES,"JING SUITES, Singapore"
785,JK BUILDING,"JK BUILDING, Singapore"
786,JLB RESIDENCES,"JLB RESIDENCES, Singapore"
787,JOO CHIAT APARTMENTS,"JOO CHIAT APARTMENTS, Singapore"
791,JOOL SUITES,"JOOL SUITES, Singapore"
792,JUBILEE RESIDENCE,"JUBILEE RESIDENCE, Singapore"
793,JUNIPER AT ARDMORE,"JUNIPER AT ARDMORE, Singapore"
794,JUPITER 18,"JUPITER 18, Singapore"
795,K GARDEN,"K GARDEN, Singapore"
799,KANDIS RESIDENCE,"KANDIS RESIDENCE, Singapore"
801,KAP RESIDENCES,"KAP RESIDENCES, Singapore"
802,KARTAR APARTMENTS,"KARTAR APARTMENTS, Singapore"
807,KATONG REGENCY,"KATONG REGENCY, Singapore"
808,KATONG VILLE,"KATONG VILLE, Singapore"
809,KELIVILLE,"KELIVILLE, Singapore"
811,KEMBANGAN COURT,"KEMBANGAN COURT, Singapore"
812,KEMBANGAN PLAZA,"KEMBANGAN PLAZA, Singapore"
813,KEMBANGAN SUITES,"KEMBANGAN SUITES, Singapore"
818,KENSINGTON SQUARE,"KENSINGTON SQUARE, Singapore"
819,KENT RESIDENCES,"KENT RESIDENCES, Singapore"
820,KENT VALE,"KENT VALE, Singapore"
821,KENTISH COURT,"KENTISH COURT, Singapore"
822,KENTISH GREEN,"KENTISH GREEN, Singapore"
823,KENTISH LODGE,"KENTISH LODGE, Singapore"
824,KENTVIEW PARK,"KENTVIEW PARK, Singapore"
825,KERRISDALE,"KERRISDALE, Singapore"
827,KILAT 19,"KILAT 19, Singapore"
828,KILAT CENTRE,"KILAT CENTRE, Singapore"
829,KILAT COURT,"KILAT COURT, Singapore"
831,KIM KEAT GARDENS,"KIM KEAT GARDENS, Singapore"
832,KIM KEAT HOUSE,"KIM KEAT HOUSE, Singapore"
833,KIM KEAT LODGE,"KIM KEAT LODGE, Singapore"
834,KIM SIA COURT,"KIM SIA COURT, Singapore"
837,KING'S ARCADE,"KING'S ARCADE, Singapore"
838,KING'S COURT,"KING'S COURT, Singapore"
839,KING'S MANSION,"KING'S MANSION, Singapore"
842,KINGSFORD WATERBAY,"KINGSFORD WATERBAY, Singapore"
843,KINGSGROVE,"KINGSGROVE, Singapore"
844,KINGSLEY MANSIONS,"KINGSLEY MANSIONS, Singapore"
846,KISMIS COURT,"KISMIS COURT, Singapore"
847,KISMIS VIEW,"KISMIS VIEW, Singapore"
848,KJ MANSION,"KJ MANSION, Singapore"
850,KNOX VIEW,"KNOX VIEW, Singapore"
853,KOVAN 81,"KOVAN 81, Singapore"
854,KOVAN APARTMENTS,"KOVAN APARTMENTS, Singapore"
855,KOVAN CENTRE,"KOVAN CENTRE, Singapore"
856,KOVAN CREST,"KOVAN CREST, Singapore"
857,KOVAN ESQUIRE,"KOVAN ESQUIRE, Singapore"
859,KOVAN MELODY,"KOVAN MELODY, Singapore"
860,KOVAN PRIMERA,"KOVAN PRIMERA, Singapore"
861,KOVAN REGENCY,"KOVAN REGENCY, Singapore"
862,KOVAN RESIDENCES,"KOVAN RESIDENCES, Singapore"
863,KOVANA,"KOVANA, Singapore"
864,KUIE PONG LOFT,"KUIE PONG LOFT, Singapore"
865,KUM HING COURT,"KUM HING COURT, Singapore"
867,L'VIV,"L'VIV, Singapore"
868,LA BRISA,"LA BRISA, Singapore"
869,LA CASA,"LA CASA, Singapore"
870,LA CRYSTAL,"LA CRYSTAL, Singapore"
871,LA DOLCE VITA,"LA DOLCE VITA, Singapore"
872,LA FIESTA,"LA FIESTA, Singapore"
873,LA FLEUR,"LA FLEUR, Singapore"
874,LA MAISON,"LA MAISON, Singapore"
875,LA MEYER,"LA MEYER, Singapore"
876,LA NOUVELLE,"LA NOUVELLE, Singapore"
877,LA SUISSE,"LA SUISSE, Singapore"
878,LA VIDA @ 130,"LA VIDA @ 130, Singapore"
879,LAGUNA 88,"LAGUNA 88, Singapore"
880,LAGUNA GREEN,"LAGUNA GREEN, Singapore"
881,LAKE GRANDE,"LAKE GRANDE, Singapore"
882,LAKE LIFE,"LAKE LIFE, Singapore"
883,LAKEHOLMZ,"LAKEHOLMZ, Singapore"
884,LAKEPOINT CONDOMINIUM,"LAKEPOINT CONDOMINIUM, Singapore"
885,LAKEVILLE,"LAKEVILLE, Singapore"
887,LANDRIDGE CONDOMINIUM,"LANDRIDGE CONDOMINIUM, Singapore"
888,LANGSTON VILLE,"LANGSTON VILLE, Singapore"
889,LATITUDE,"LATITUDE, Singapore"
891,LAVERNE'S LOFT,"LAVERNE'S LOFT, Singapore"
892,LE ARC,"LE ARC, Singapore"
895,LE CRESCENDO,"LE CRESCENDO, Singapore"
896,LE GAMBIR,"LE GAMBIR, Singapore"
897,LE HILL CONDOMINIUM,"LE HILL CONDOMINIUM, Singapore"
898,LE LOYANG,"LE LOYANG, Singapore"
899,LE M RESIDENCE,"LE M RESIDENCE, Singapore"
900,LE MARICAN,"LE MARICAN, Singapore"
902,LE QUEST,"LE QUEST, Singapore"
903,LE REGAL,"LE REGAL, Singapore"
904,LE REVE,"LE REVE, Singapore"
905,LE SHANTIER,"LE SHANTIER, Singapore"
906,LE SOMME,"LE SOMME, Singapore"
907,LEEDON 2,"LEEDON 2, Singapore"
908,LEEDON HEIGHTS,"LEEDON HEIGHTS, Singapore"
909,LEEDON RESIDENCE,"LEEDON RESIDENCE, Singapore"
911,LEICESTER LODGE,"LEICESTER LODGE, Singapore"
912,LEICESTER SUITES,"LEICESTER SUITES, Singapore"
913,LEIGHWOODS,"LEIGHWOODS, Singapore"
915,LEONIE CONDOTEL,"LEONIE CONDOTEL, Singapore"
916,LEONIE GARDENS,"LEONIE GARDENS, Singapore"
917,LEONIE HILL RESIDENCES,"LEONIE HILL RESIDENCES, Singapore"
918,LEONIE PARC VIEW,"LEONIE PARC VIEW, Singapore"
920,LEONIE TOWERS,"LEONIE TOWERS, Singapore"
921,LEVENUE,"LEVENUE, Singapore"
924,LIEN TOWERS,"LIEN TOWERS, Singapore"
925,LILYDALE,"LILYDALE, Singapore"
926,LIMAU PARK,"LIMAU PARK, Singapore"
927,LINCOLN SUITES,"LINCOLN SUITES, Singapore"
928,LION TOWERS,"LION TOWERS, Singapore"
929,LIVIA,"LIVIA, Singapore"
931,LLOYD COURT,"LLOYD COURT, Singapore"
932,LLOYD MANSION,"LLOYD MANSION, Singapore"
933,LLOYD SIXTYFIVE,"LLOYD SIXTYFIVE, Singapore"
934,LOFT 33,"LOFT 33, Singapore"
937,LOFT @ STEVENS,"LOFT @ STEVENS, Singapore"
938,LOFT@HOLLAND,"LOFT@HOLLAND, Singapore"
939,LORONG 31 GEYLANG,"LORONG 31 GEYLANG, Singapore"
940,LOYANG GARDENS,"LOYANG GARDENS, Singapore"
941,LUCIDA,"LUCIDA, Singapore"
942,LUMA,"LUMA, Singapore"
943,LUSH ACRES,"LUSH ACRES, Singapore"
944,LUSH ON HOLLAND HILL,"LUSH ON HOLLAND HILL, Singapore"
945,LUTHERAN TOWERS,"LUTHERAN TOWERS, Singapore"
946,LUXE VILLE,"LUXE VILLE, Singapore"
947,M SUITES,"M SUITES, Singapore"
948,M21,"M21, Singapore"
949,MABELLE,"MABELLE, Singapore"
950,MACPHERSON GREEN,"MACPHERSON GREEN, Singapore"
951,MADEIRA COURT,"MADEIRA COURT, Singapore"
952,MADISON RESIDENCES,"MADISON RESIDENCES, Singapore"
953,MALVERN SPRINGS,"MALVERN SPRINGS, Singapore"
954,MANDALAY MANSION,"MANDALAY MANSION, Singapore"
955,MANDALAY TOWERS,"MANDALAY TOWERS, Singapore"
956,MANDALE HEIGHTS,"MANDALE HEIGHTS, Singapore"
957,MANDARIN GARDENS,"MANDARIN GARDENS, Singapore"
959,MANSIONS 28,"MANSIONS 28, Singapore"
961,MARGARET VILLE,"MARGARET VILLE, Singapore"
963,MARINA COLLECTION,"MARINA COLLECTION, Singapore"
964,MARINE BLUE,"MARINE BLUE, Singapore"
965,MARINE MANSION,"MARINE MANSION, Singapore"
967,MARINE VIEW MANSION,"MARINE VIEW MANSION, Singapore"
968,MARINE VIEW MANSIONS,"MARINE VIEW MANSIONS, Singapore"
969,MARINE VILLE,"MARINE VILLE, Singapore"
971,MARTIA 8,"MARTIA 8, Singapore"
974,MARTIN PLACE RESIDENCES,"MARTIN PLACE RESIDENCES, Singapore"
975,MARTINA MANSIONS,"MARTINA MANSIONS, Singapore"
976,MARYLAND PARK,"MARYLAND PARK, Singapore"
977,MARYMOUNT VIEW,"MARYMOUNT VIEW, Singapore"
978,MAYA,"MAYA, Singapore"
981,MEADOWLODGE,"MEADOWLODGE, Singapore"
982,MEADOWS @ PEIRCE,"MEADOWS @ PEIRCE, Singapore"
983,MEDGE,"MEDGE, Singapore"
986,MELOSA,"MELOSA, Singapore"
987,MELROSE PARK,"MELROSE PARK, Singapore"
988,MELROSE VILLE,"MELROSE VILLE, Singapore"
989,MELVILLE PARK,"MELVILLE PARK, Singapore"
990,MENDON SPRING,"MENDON SPRING, Singapore"
991,MENG GARDEN,"MENG GARDEN, Singapore"
992,MERA EAST,"MERA EAST, Singapore"
993,MERA SPRINGS,"MERA SPRINGS, Singapore"
995,MERAPRIME,"MERAPRIME, Singapore"
996,MERAWOODS,"MERAWOODS, Singapore"
997,MERGUI MANSIONS,"MERGUI MANSIONS, Singapore"
998,MERIDIAN 38,"MERIDIAN 38, Singapore"
1000,METRO LOFT,"METRO LOFT, Singapore"
1001,MEYA LODGE,"MEYA LODGE, Singapore"
1002,MEYER PARK,"MEYER PARK, Singapore"
1003,MEYER RESIDENCE,"MEYER RESIDENCE, Singapore"
1004,MI CASA,"MI CASA, Singapore"
1005,MIDTOWN RESIDENCES,"MIDTOWN RESIDENCES, Singapore"
1006,MILL CREEK,"MILL CREEK, Singapore"
1007,MILL POINT,"MILL POINT, Singapore"
1008,MINBU COURT,"MINBU COURT, Singapore"
1009,MINBU VILLA,"MINBU VILLA, Singapore"
1010,MINT RESIDENCES @ JANSEN,"MINT RESIDENCES @ JANSEN, Singapore"
1011,MIRO,"MIRO, Singapore"
1012,MODA,"MODA, Singapore"
1013,MODENA,"MODENA, Singapore"
1015,MONARCHY APARTMENTS,"MONARCHY APARTMENTS, Singapore"
1017,MONTEBLEU,"MONTEBLEU, Singapore"
1019,MONTROSA,"MONTROSA, Singapore"
1020,MONTVIEW,"MONTVIEW, Singapore"
1021,MONVILLE MANSIONS,"MONVILLE MANSIONS, Singapore"
1022,MORI,"MORI, Singapore"
1023,MORIMASA GARDENS,"MORIMASA GARDENS, Singapore"
1025,MOULMEIN COURT,"MOULMEIN COURT, Singapore"
1026,MOULMEIN STUDIOS,"MOULMEIN STUDIOS, Singapore"
1027,MOUNT FABER LODGE,"MOUNT FABER LODGE, Singapore"
1028,MOUNT ROSIE GARDEN,"MOUNT ROSIE GARDEN, Singapore"
1031,MULBERRY TREE,"MULBERRY TREE, Singapore"
1032,MUTIARA CREST,"MUTIARA CREST, Singapore"
1033,MUTIARA VIEW,"MUTIARA VIEW, Singapore"
1034,MY MANHATTAN,"MY MANHATTAN, Singapore"
1036,NASSIM 9,"NASSIM 9, Singapore"
1037,NASSIM JADE,"NASSIM JADE, Singapore"
1038,NASSIM LODGE,"NASSIM LODGE, Singapore"
1040,NASSIM PARK RESIDENCES,"NASSIM PARK RESIDENCES, Singapore"
1042,NASSIMVILLE,"NASSIMVILLE, Singapore"
1043,NATHAN RESIDENCES,"NATHAN RESIDENCES, Singapore"
1045,NATURA @ HILLVIEW,"NATURA @ HILLVIEW, Singapore"
1046,NATURALIS,"NATURALIS, Singapore"
1047,NATURE MANSIONS,"NATURE MANSIONS, Singapore"
1048,NAUNG RESIDENCE,"NAUNG RESIDENCE, Singapore"
1049,NEEM TREE,"NEEM TREE, Singapore"
1050,NEPTUNE COURT,"NEPTUNE COURT, Singapore"
1051,NESS,"NESS, Singapore"
1052,NEW COURT,"NEW COURT, Singapore"
1054,NEWEST,"NEWEST, Singapore"
1055,NEWTON 18,"NEWTON 18, Singapore"
1056,NEWTON EDGE,"NEWTON EDGE, Singapore"
1057,NEWTON GEMS,"NEWTON GEMS, Singapore"
1058,NEWTON IMPERIAL,"NEWTON IMPERIAL, Singapore"
1061,NEWTON ONE,"NEWTON ONE, Singapore"
1062,NEWTON SUITES,"NEWTON SUITES, Singapore"
1063,NICOLE GREEN,"NICOLE GREEN, Singapore"
1064,NIM GARDENS,"NIM GARDENS, Singapore"
1066,NINE DEGREES,"NINE DEGREES, Singapore"
1071,NORMANTON PARK,"NORMANTON PARK, Singapore"
1072,NORTH PARK RESIDENCES,"NORTH PARK RESIDENCES, Singapore"
1073,NORTHOAKS,"NORTHOAKS, Singapore"
1074,NORTHVALE,"NORTHVALE, Singapore"
1075,NORTHWOOD,"NORTHWOOD, Singapore"
1076,NOUVEL 18,"NOUVEL 18, Singapore"
1077,NOUVELLE PARK,"NOUVELLE PARK, Singapore"
1078,NOVA 48,"NOVA 48, Singapore"
1079,NOVELIS,"NOVELIS, Singapore"
1080,NOVENA COURT,"NOVENA COURT, Singapore"
1081,NOVENA HILL,"NOVENA HILL, Singapore"
1082,NOVENA LODGE,"NOVENA LODGE, Singapore"
1083,NOVENA REGENCY,"NOVENA REGENCY, Singapore"
1084,NOVENA SUITES,"NOVENA SUITES, Singapore"
1085,NUOVO,"NUOVO, Singapore"
1086,NUTMEG COURT,"NUTMEG COURT, Singapore"
1087,NV RESIDENCES,"NV RESIDENCES, Singapore"
1088,OASIS @ ELIAS,"OASIS @ ELIAS, Singapore"
1089,OASIS GARDEN,"OASIS GARDEN, Singapore"
1090,OCEAN PARK,"OCEAN PARK, Singapore"
1091,OCEANFRONT SUITES,"OCEANFRONT SUITES, Singapore"
1092,OEI TIONG HAM PARK RESIDENCES,"OEI TIONG HAM PARK RESIDENCES, Singapore"
1093,OKIO,"OKIO, Singapore"
1095,OLEANAS RESIDENCE,"OLEANAS RESIDENCE, Singapore"
1096,OLEANDER TOWERS,"OLEANDER TOWERS, Singapore"
1097,ONAN COURT,"ONAN COURT, Singapore"
1100,ONE AKYAB,"ONE AKYAB, Singapore"
1101,ONE AMBER,"ONE AMBER, Singapore"
1102,ONE BALMORAL,"ONE BALMORAL, Singapore"
1103,ONE CHATSWORTH,"ONE CHATSWORTH, Singapore"
1104,ONE DEVONSHIRE,"ONE DEVONSHIRE, Singapore"
1105,ONE DRAYCOTT,"ONE DRAYCOTT, Singapore"
1106,ONE DUCHESS,"ONE DUCHESS, Singapore"
1107,ONE DUSUN RESIDENCES,"ONE DUSUN RESIDENCES, Singapore"
1111,ONE LEICESTER,"ONE LEICESTER, Singapore"
1112,ONE ROBIN,"ONE ROBIN, Singapore"
1117,OPAL SUITES,"OPAL SUITES, Singapore"
1118,OPTIMA @ TANAH MERAH,"OPTIMA @ TANAH MERAH, Singapore"
1119,ORANGE GROVE RESIDENCES,"ORANGE GROVE RESIDENCES, Singapore"
1121,ORANGE REGENCY,"ORANGE REGENCY, Singapore"
1123,ORCHARD COURT,"ORCHARD COURT, Singapore"
1124,ORCHARD SCOTTS,"ORCHARD SCOTTS, Singapore"
1126,ORCHARD VIEW,"ORCHARD VIEW, Singapore"
1128,ORCHID APARTMENTS,"ORCHID APARTMENTS, Singapore"
1129,ORCHID MANSION,"ORCHID MANSION, Singapore"
1130,ORCHID PARK CONDOMINIUM,"ORCHID PARK CONDOMINIUM, Singapore"
1131,OUE TWIN PEAKS,"OUE TWIN PEAKS, Singapore"
1133,OWEN 88,"OWEN 88, Singapore"
1135,OXFORD SUITES,"OXFORD SUITES, Singapore"
1136,OXLEY GARDEN,"OXLEY GARDEN, Singapore"
1138,OXLEY RESIDENCE,"OXLEY RESIDENCE, Singapore"
1140,PALISADES,"PALISADES, Singapore"
1142,PALM GREEN,"PALM GREEN, Singapore"
1144,PALM HAVEN,"PALM HAVEN, Singapore"
1145,PALM ISLES,"PALM ISLES, Singapore"
1146,PALM LODGE,"PALM LODGE, Singapore"
1147,PALM LOFT,"PALM LOFT, Singapore"
1148,PALM MANSIONS,"PALM MANSIONS, Singapore"
1149,PALM OASIS,"PALM OASIS, Singapore"
1150,PALM RESIDENCE,"PALM RESIDENCE, Singapore"
1151,PALM SPRING,"PALM SPRING, Singapore"
1152,PALM VISTA,"PALM VISTA, Singapore"
1153,PALMERA EAST,"PALMERA EAST, Singapore"
1154,PALMERA RESIDENCE,"PALMERA RESIDENCE, Singapore"
1155,PANDAN VALLEY,"PANDAN VALLEY, Singapore"
1156,PAPILLON,"PAPILLON, Singapore"
1159,PARC ASTON,"PARC ASTON, Singapore"
1160,PARC BLEU,"PARC BLEU, Singapore"
1161,PARC BOTANNIA,"PARC BOTANNIA, Singapore"
1162,PARC CENTENNIAL,"PARC CENTENNIAL, Singapore"
1163,PARC CENTRAL RESIDENCES,"PARC CENTRAL RESIDENCES, Singapore"
1164,PARC CENTROS,"PARC CENTROS, Singapore"
1165,PARC ELEGANCE,"PARC ELEGANCE, Singapore"
1166,PARC GREENWICH,"PARC GREENWICH, Singapore"
1167,PARC HAVEN,"PARC HAVEN, Singapore"
1168,PARC LIFE,"PARC LIFE, Singapore"
1169,PARC MONDRIAN,"PARC MONDRIAN, Singapore"
1170,PARC OASIS,"PARC OASIS, Singapore"
1171,PARC OLYMPIA,"PARC OLYMPIA, Singapore"
1172,PARC REGENCY,"PARC REGENCY, Singapore"
1173,PARC ROSEWOOD,"PARC ROSEWOOD, Singapore"
1174,PARC SEABREEZE,"PARC SEABREEZE, Singapore"
1175,PARC SOMME,"PARC SOMME, Singapore"
1176,PARC STEVENS,"PARC STEVENS, Singapore"
1177,PARC VERA,"PARC VERA, Singapore"
1178,PARC VISTA,"PARC VISTA, Singapore"
1179,PARK 1 SUITES,"PARK 1 SUITES, Singapore"
1180,PARK COLONIAL,"PARK COLONIAL, Singapore"
1181,PARK COURT,"PARK COURT, Singapore"
1182,PARK EAST,"PARK EAST, Singapore"
1183,PARK GREEN,"PARK GREEN, Singapore"
1184,PARK HOUSE,"PARK HOUSE, Singapore"
1185,PARK INFINIA AT WEE NAM,"PARK INFINIA AT WEE NAM, Singapore"
1186,PARK NATURA,"PARK NATURA, Singapore"
1187,PARK RESIDENCES @ KOVAN,"PARK RESIDENCES @ KOVAN, Singapore"
1188,PARK WEST,"PARK WEST, Singapore"
1189,PARKVIEW APARTMENTS,"PARKVIEW APARTMENTS, Singapore"
1193,PARKWAY VIEW,"PARKWAY VIEW, Singapore"
1195,PARVIS,"PARVIS, Singapore"
1196,PASIR PANJANG COURT,"PASIR PANJANG COURT, Singapore"
1197,PASIR PANJANG LODGE,"PASIR PANJANG LODGE, Singapore"
1198,PASIR VIEW PARK,"PASIR VIEW PARK, Singapore"
1200,PATENT PLACE,"PATENT PLACE, Singapore"
1201,PATERSON LINC,"PATERSON LINC, Singapore"
1202,PATERSON RESIDENCE,"PATERSON RESIDENCE, Singapore"
1203,PATERSON SUITES,"PATERSON SUITES, Singapore"
1204,PAVILION 11,"PAVILION 11, Singapore"
1206,PAYA LEBAR RESIDENCES,"PAYA LEBAR RESIDENCES, Singapore"
1207,PEACH GARDEN,"PEACH GARDEN, Singapore"
1209,PEIRCE VIEW,"PEIRCE VIEW, Singapore"
1213,PEPPERMINT GROVE,"PEPPERMINT GROVE, Singapore"
1214,PEPYS HILL CONDOMINIUM,"PEPYS HILL CONDOMINIUM, Singapore"
1215,PERFECT TEN,"PERFECT TEN, Singapore"
1218,PHOENIX HEIGHTS,"PHOENIX HEIGHTS, Singapore"
1221,PINE COURT,"PINE COURT, Singapore"
1223,PINETREE CONDO,"PINETREE CONDO, Singapore"
1224,PINEVALE,"PINEVALE, Singapore"
1225,PINEWOOD GARDENS,"PINEWOOD GARDENS, Singapore"
1226,PINNACLE 16,"PINNACLE 16, Singapore"
1227,PLATINUM EDGE,"PLATINUM EDGE, Singapore"
1228,POINT LOMA,"POINT LOMA, Singapore"
1229,PORTOFINO,"PORTOFINO, Singapore"
1230,POSHGROVE EAST,"POSHGROVE EAST, Singapore"
1232,PRESTIGE HEIGHTS,"PRESTIGE HEIGHTS, Singapore"
1233,PRESTIGE LOFT,"PRESTIGE LOFT, Singapore"
1234,PRESTIGE POINT,"PRESTIGE POINT, Singapore"
1237,PRIME RESIDENCE,"PRIME RESIDENCE, Singapore"
1240,PRINCIPAL GARDEN,"PRINCIPAL GARDEN, Singapore"
1241,PRISTINE HEIGHTS,"PRISTINE HEIGHTS, Singapore"
1243,PROVENCE RESIDENCE,"PROVENCE RESIDENCE, Singapore"
1244,PROXIMO,"PROXIMO, Singapore"
1245,Q BAY RESIDENCES,"Q BAY RESIDENCES, Singapore"
1247,QUEENS,"QUEENS, Singapore"
1248,QUEENS PEAK,"QUEENS PEAK, Singapore"
1249,QUEENSBERRY LODGE,"QUEENSBERRY LODGE, Singapore"
1251,QUESTA @ DUNMAN,"QUESTA @ DUNMAN, Singapore"
1252,QUINTERRA,"QUINTERRA, Singapore"
1253,R MAISON,"R MAISON, Singapore"
1255,RACE COURSE LANE,"RACE COURSE LANE, Singapore"
1257,RAFFLESIA CONDOMINIUM,"RAFFLESIA CONDOMINIUM, Singapore"
1260,RANGOON 88,"RANGOON 88, Singapore"
1266,REFLECTIONS AT KEPPEL BAY,"REFLECTIONS AT KEPPEL BAY, Singapore"
1268,REGAL COURT,"REGAL COURT, Singapore"
1270,REGENCY LODGE,"REGENCY LODGE, Singapore"
1271,REGENCY PARK,"REGENCY PARK, Singapore"
1272,REGENCY SUITES,"REGENCY SUITES, Singapore"
1275,REGENT GROVE,"REGENT GROVE, Singapore"
1276,REGENT HEIGHTS,"REGENT HEIGHTS, Singapore"
1277,REGENT PARK,"REGENT PARK, Singapore"
1278,REGENT RESIDENCES,"REGENT RESIDENCES, Singapore"
1280,RESIDENCES 88,"RESIDENCES 88, Singapore"
1281,RESIDENCES @ EVELYN,"RESIDENCES @ EVELYN, Singapore"
1282,RESIDENCES @ JANSEN,"RESIDENCES @ JANSEN, Singapore"
1283,RESIDENCES @ KILLINEY,"RESIDENCES @ KILLINEY, Singapore"
1284,RESIDENCES @ SOMME,"RESIDENCES @ SOMME, Singapore"
1286,REZI 3TWO,"REZI 3TWO, Singapore"
1287,RHAPSODY ON MOUNT ELIZABETH,"RHAPSODY ON MOUNT ELIZABETH, Singapore"
1288,RIA APARTMENTS,"RIA APARTMENTS, Singapore"
1291,RICH EAST GARDEN,"RICH EAST GARDEN, Singapore"
1293,RICHMOND PARK,"RICHMOND PARK, Singapore"
1294,RIDGE COURT,"RIDGE COURT, Singapore"
1295,RIDGEWOOD CONDOMINIUM,"RIDGEWOOD CONDOMINIUM, Singapore"
1296,RIO VISTA,"RIO VISTA, Singapore"
1297,RIPPLE BAY,"RIPPLE BAY, Singapore"
1298,RIS GRANDEUR,"RIS GRANDEUR, Singapore"
1300,RISING SUITES,"RISING SUITES, Singapore"
1302,RITZ MANSIONS,"RITZ MANSIONS, Singapore"
1303,RITZ REGENCY,"RITZ REGENCY, Singapore"
1304,RIVA LODGE,"RIVA LODGE, Singapore"
1306,RIVER ISLES,"RIVER ISLES, Singapore"
1307,RIVER VALLEY APARTMENTS,"RIVER VALLEY APARTMENTS, Singapore"
1308,RIVERBANK @ FERNVALE,"RIVERBANK @ FERNVALE, Singapore"
1309,RIVERCOVE RESIDENCES,"RIVERCOVE RESIDENCES, Singapore"
1310,RIVERDALE RESIDENCE,"RIVERDALE RESIDENCE, Singapore"
1311,RIVERFRONT RESIDENCES,"RIVERFRONT RESIDENCES, Singapore"
1312,RIVERIA GARDENS,"RIVERIA GARDENS, Singapore"
1314,RIVERSAILS,"RIVERSAILS, Singapore"
1315,RIVERSHIRE,"RIVERSHIRE, Singapore"
1316,RIVERSOUND RESIDENCE,"RIVERSOUND RESIDENCE, Singapore"
1317,RIVERTREES RESIDENCES,"RIVERTREES RESIDENCES, Singapore"
1318,RIVERVALE CREST,"RIVERVALE CREST, Singapore"
1319,RIVERVALE SHORES,"RIVERVALE SHORES, Singapore"
1320,RIVIERA RESIDENCES,"RIVIERA RESIDENCES, Singapore"
1321,RIZ HAVEN,"RIZ HAVEN, Singapore"
1322,ROBERTSON EDGE,"ROBERTSON EDGE, Singapore"
1323,ROBIN REGALIA,"ROBIN REGALIA, Singapore"
1324,ROBIN RESIDENCES,"ROBIN RESIDENCES, Singapore"
1325,ROBIN SUITES,"ROBIN SUITES, Singapore"
1326,ROCCA BALESTIER,"ROCCA BALESTIER, Singapore"
1328,ROCHELLE AT NEWTON,"ROCHELLE AT NEWTON, Singapore"
1329,ROSALIA PARK,"ROSALIA PARK, Singapore"
1332,ROSE VILLE,"ROSE VILLE, Singapore"
1333,ROSELANE COURT,"ROSELANE COURT, Singapore"
1334,ROSEVALE,"ROSEVALE, Singapore"
1335,ROSEWOOD,"ROSEWOOD, Singapore"
1336,ROSEWOOD SUITES,"ROSEWOOD SUITES, Singapore"
1340,ROYAL COURT,"ROYAL COURT, Singapore"
1341,ROYAL PALM MANSIONS,"ROYAL PALM MANSIONS, Singapore"
1344,RV EDGE,"RV EDGE, Singapore"
1345,RV RESIDENCES,"RV RESIDENCES, Singapore"
1346,RV SUITES,"RV SUITES, Singapore"
1347,RYMDEN 77,"RYMDEN 77, Singapore"
1348,SAI HO BUILDING,"SAI HO BUILDING, Singapore"
1352,SANCTUARY @ 813,"SANCTUARY @ 813, Singapore"
1355,SANDY PALM,"SANDY PALM, Singapore"
1357,SARHAD VILLE,"SARHAD VILLE, Singapore"
1358,SARKIES GARDENS,"SARKIES GARDENS, Singapore"
1359,SARKIES GREEN,"SARKIES GREEN, Singapore"
1360,SARKIES MANSIONS,"SARKIES MANSIONS, Singapore"
1361,SAVANNAH CONDOPARK,"SAVANNAH CONDOPARK, Singapore"
1362,SCENIC HEIGHTS,"SCENIC HEIGHTS, Singapore"
1364,SCOTTS 28,"SCOTTS 28, Singapore"
1365,SCULPTURA ARDMORE,"SCULPTURA ARDMORE, Singapore"
1367,SEA AVENUE RESIDENCES,"SEA AVENUE RESIDENCES, Singapore"
1368,SEA ESTA,"SEA ESTA, Singapore"
1369,SEA HORIZON,"SEA HORIZON, Singapore"
1370,SEAHILL,"SEAHILL, Singapore"
1371,SEASCAPE,"SEASCAPE, Singapore"
1372,SEASONS PARK,"SEASONS PARK, Singapore"
1373,SEASONS VIEW,"SEASONS VIEW, Singapore"
1374,SEASTRAND,"SEASTRAND, Singapore"
1375,SEASUITES,"SEASUITES, Singapore"
1377,SELANTING GREEN,"SELANTING GREEN, Singapore"
1378,SELEGIE COURT,"SELEGIE COURT, Singapore"
1379,SELETAR PARK RESIDENCE,"SELETAR PARK RESIDENCE, Singapore"
1382,SEMBAWANG COTTAGE,"SEMBAWANG COTTAGE, Singapore"
1383,SEMBAWANG GARDEN ARCADE,"SEMBAWANG GARDEN ARCADE, Singapore"
1384,SERAYA 9,"SERAYA 9, Singapore"
1388,SERAYA VILLE,"SERAYA VILLE, Singapore"
1390,SETIA RESIDENCES,"SETIA RESIDENCES, Singapore"
1392,SEVENTY SAINT PATRICK'S,"SEVENTY SAINT PATRICK'S, Singapore"
1393,SHAN GATE,"SHAN GATE, Singapore"
1395,SHANGHAI ONE,"SHANGHAI ONE, Singapore"
1398,SHEARES VILLE,"SHEARES VILLE, Singapore"
1399,SHEBA LODGE,"SHEBA LODGE, Singapore"
1401,SHELFORD GREEN,"SHELFORD GREEN, Singapore"
1403,SHELFORD REGENCY,"SHELFORD REGENCY, Singapore"
1404,SHELFORD VIEW,"SHELFORD VIEW, Singapore"
1406,SHERWOOD CONDOMINIUM,"SHERWOOD CONDOMINIUM, Singapore"
1409,SIGLAP COURT,"SIGLAP COURT, Singapore"
1411,SIGLAP V,"SIGLAP V, Singapore"
1412,SIGNATURE AT LEWIS,"SIGNATURE AT LEWIS, Singapore"
1413,SIGNATURE AT YISHUN,"SIGNATURE AT YISHUN, Singapore"
1417,SILVERSCAPE,"SILVERSCAPE, Singapore"
1418,SILVERSEA,"SILVERSEA, Singapore"
1419,SIMEI GREEN CONDOMINIUM,"SIMEI GREEN CONDOMINIUM, Singapore"
1420,SIMON PLAZA,"SIMON PLAZA, Singapore"
1421,SIMS AVENUE,"SIMS AVENUE, Singapore"
1422,SIMS DORADO,"SIMS DORADO, Singapore"
1423,SIMS EDGE,"SIMS EDGE, Singapore"
1424,SIMS GREEN,"SIMS GREEN, Singapore"
1425,SIMS MEADOWS,"SIMS MEADOWS, Singapore"
1426,SIMS POINT,"SIMS POINT, Singapore"
1427,SIMS RESIDENCES,"SIMS RESIDENCES, Singapore"
1428,SIMS URBAN OASIS,"SIMS URBAN OASIS, Singapore"
1429,SIMSVILLE,"SIMSVILLE, Singapore"
1430,SIN MING PLAZA,"SIN MING PLAZA, Singapore"
1431,SING LIAN BUILDING,"SING LIAN BUILDING, Singapore"
1433,SINGA HILLS,"SINGA HILLS, Singapore"
1435,SIXTH AVENUE CENTRE,"SIXTH AVENUE CENTRE, Singapore"
1436,SIXTH AVENUE VILLE,"SIXTH AVENUE VILLE, Singapore"
1437,SKIES MILTONIA,"SKIES MILTONIA, Singapore"
1439,SKY @ ELEVEN,"SKY @ ELEVEN, Singapore"
1440,SKY GREEN,"SKY GREEN, Singapore"
1441,SKY HABITAT,"SKY HABITAT, Singapore"
1442,SKY VUE,"SKY VUE, Singapore"
1444,SKYLINE @ ORCHARD BOULEVARD,"SKYLINE @ ORCHARD BOULEVARD, Singapore"
1445,SKYLINE RESIDENCES,"SKYLINE RESIDENCES, Singapore"
1446,SKYPARK,"SKYPARK, Singapore"
1447,SKYPARK RESIDENCES,"SKYPARK RESIDENCES, Singapore"
1448,SKYSUITES 17,"SKYSUITES 17, Singapore"
1451,SOL ACRES,"SOL ACRES, Singapore"
1453,SOMMERVILLE LOFT,"SOMMERVILLE LOFT, Singapore"
1454,SOMMERVILLE PARK,"SOMMERVILLE PARK, Singapore"
1455,SOMMERVILLE REGENCY,"SOMMERVILLE REGENCY, Singapore"
1456,SONG LANG GREEN,"SONG LANG GREEN, Singapore"
1460,SPANISH VILLAGE,"SPANISH VILLAGE, Singapore"
1461,SPAZIO @ KOVAN,"SPAZIO @ KOVAN, Singapore"
1462,SPOTTISWOODE 18,"SPOTTISWOODE 18, Singapore"
1463,SPOTTISWOODE RESIDENCES,"SPOTTISWOODE RESIDENCES, Singapore"
1464,SPOTTISWOODE SUITES,"SPOTTISWOODE SUITES, Singapore"
1465,SPRING @ KATONG,"SPRING @ KATONG, Singapore"
1466,SPRING @ LANGSAT,"SPRING @ LANGSAT, Singapore"
1468,SPRING GROVE,"SPRING GROVE, Singapore"
1470,SPRING RESIDENCES,"SPRING RESIDENCES, Singapore"
1471,SPRINGVALE,"SPRINGVALE, Singapore"
1474,ST PATRICK'S LOFT,"ST PATRICK'S LOFT, Singapore"
1475,ST PATRICK'S RESIDENCES,"ST PATRICK'S RESIDENCES, Singapore"
1477,ST THOMAS SUITES,"ST THOMAS SUITES, Singapore"
1478,ST. FRANCIS LODGE,"ST. FRANCIS LODGE, Singapore"
1479,ST. MARTIN RESIDENCE,"ST. MARTIN RESIDENCE, Singapore"
1481,STADIA,"STADIA, Singapore"
1482,STARLIGHT SUITES,"STARLIGHT SUITES, Singapore"
1483,STARPOINT,"STARPOINT, Singapore"
1484,STARS OF KOVAN,"STARS OF KOVAN, Singapore"
1485,STARVILLE,"STARVILLE, Singapore"
1486,STELLAR RV,"STELLAR RV, Singapore"
1488,STEVENS LOFT,"STEVENS LOFT, Singapore"
1490,STEVENS SUITES,"STEVENS SUITES, Singapore"
1491,STILL 123,"STILL 123, Singapore"
1492,STILL MANSIONS,"STILL MANSIONS, Singapore"
1493,STILLZ RESIDENCE,"STILLZ RESIDENCE, Singapore"
1496,STRATA,"STRATA, Singapore"
1497,STRATUM,"STRATUM, Singapore"
1498,STUDIO 3,"STUDIO 3, Singapore"
1500,STUDIOS @ MARNE,"STUDIOS @ MARNE, Singapore"
1501,STUDIOS@TEMBELING,"STUDIOS@TEMBELING, Singapore"
1502,STURDEE RESIDENCES,"STURDEE RESIDENCES, Singapore"
1503,STURDEE VIEW,"STURDEE VIEW, Singapore"
1505,SUI GENERIS,"SUI GENERIS, Singapore"
1506,SUITES 123,"SUITES 123, Singapore"
1507,SUITES @ AMBER,"SUITES @ AMBER, Singapore"
1508,SUITES @ BRADDELL,"SUITES @ BRADDELL, Singapore"
1509,SUITES @ CHANGI,"SUITES @ CHANGI, Singapore"
1511,SUITES @ EUNOS,"SUITES @ EUNOS, Singapore"
1512,SUITES @ GUILLEMARD,"SUITES @ GUILLEMARD, Singapore"
1513,SUITES @ KATONG,"SUITES @ KATONG, Singapore"
1514,SUITES @ KOVAN,"SUITES @ KOVAN, Singapore"
1515,SUITES @ NEWTON,"SUITES @ NEWTON, Singapore"
1516,SUITES @ OWEN,"SUITES @ OWEN, Singapore"
1517,SUITES @ PAYA LEBAR,"SUITES @ PAYA LEBAR, Singapore"
1518,SUITES @ SHREWSBURY,"SUITES @ SHREWSBURY, Singapore"
1519,SUITES @ SIMS,"SUITES @ SIMS, Singapore"
1520,SUITES @ SURREY,"SUITES @ SURREY, Singapore"
1524,SUITES@BRADDELL,"SUITES@BRADDELL, Singapore"
1525,SUMMER GREEN,"SUMMER GREEN, Singapore"
1527,SUMMERDALE,"SUMMERDALE, Singapore"
1529,SUN PLAZA,"SUN PLAZA, Singapore"
1534,SUNFLOWER GRANDEUR,"SUNFLOWER GRANDEUR, Singapore"
1535,SUNFLOWER LODGE,"SUNFLOWER LODGE, Singapore"
1538,SUNFLOWER RESIDENCE,"SUNFLOWER RESIDENCE, Singapore"
1540,SUNGEI TENGAH LODGE,"SUNGEI TENGAH LODGE, Singapore"
1541,SUNGLADE,"SUNGLADE, Singapore"
1542,SUNHAVEN,"SUNHAVEN, Singapore"
1543,SUNNY LODGE,"SUNNY LODGE, Singapore"
1544,SUNNY PALMS,"SUNNY PALMS, Singapore"
1545,SUNNY PARC,"SUNNY PARC, Singapore"
1547,SUNRISE GARDENS,"SUNRISE GARDENS, Singapore"
1548,SUNSET LODGE,"SUNSET LODGE, Singapore"
1550,SUNSHINE GROVE,"SUNSHINE GROVE, Singapore"
1551,SUNSHINE LODGE,"SUNSHINE LODGE, Singapore"
1552,SUNSHINE LOFT,"SUNSHINE LOFT, Singapore"
1558,SYLVAN LODGE,"SYLVAN LODGE, Singapore"
1559,SYMPHONY SUITES,"SYMPHONY SUITES, Singapore"
1560,TAIPAN GRAND,"TAIPAN GRAND, Singapore"
1563,TAN TONG MENG TOWER,"TAN TONG MENG TOWER, Singapore"
1564,TANAH MERAH MANSION,"TANAH MERAH MANSION, Singapore"
1565,TANAMERA CREST,"TANAMERA CREST, Singapore"
1566,TANGERINE GROVE,"TANGERINE GROVE, Singapore"
1568,TANGLIN HILL MEADOWS,"TANGLIN HILL MEADOWS, Singapore"
1569,TANGLIN PARK,"TANGLIN PARK, Singapore"
1570,TANGLIN REGENCY,"TANGLIN REGENCY, Singapore"
1572,TANGLIN VIEW,"TANGLIN VIEW, Singapore"
1573,TELOK BLANGAH HOUSE,"TELOK BLANGAH HOUSE, Singapore"
1575,TELOK KURAU MANSION,"TELOK KURAU MANSION, Singapore"
1577,TELOK MANSION,"TELOK MANSION, Singapore"
1579,TEMBELING CENTRE,"TEMBELING CENTRE, Singapore"
1585,TEN @ SUFFOLK,"TEN @ SUFFOLK, Singapore"
1586,TERESA VILLE,"TERESA VILLE, Singapore"
1588,TERRASSE,"TERRASSE, Singapore"
1591,TEXTILE CENTRE,"TEXTILE CENTRE, Singapore"
1595,THE ADARA,"THE ADARA, Singapore"
1596,THE ALCOVE,"THE ALCOVE, Singapore"
1597,THE AMARELLE,"THE AMARELLE, Singapore"
1599,THE AMBROSIA,"THE AMBROSIA, Singapore"
1601,THE AMERY,"THE AMERY, Singapore"
1602,THE AMORE,"THE AMORE, Singapore"
1603,THE AMSTON,"THE AMSTON, Singapore"
1604,THE ANSLEY,"THE ANSLEY, Singapore"
1605,THE ARC AT DRAYCOTT,"THE ARC AT DRAYCOTT, Singapore"
1606,THE ARCADIA,"THE ARCADIA, Singapore"
1608,THE ARMADALE,"THE ARMADALE, Singapore"
1609,THE ARTE,"THE ARTE, Singapore"
1611,THE ASTON,"THE ASTON, Singapore"
1612,THE ATELIER,"THE ATELIER, Singapore"
1613,THE ATRIA AT MEYER,"THE ATRIA AT MEYER, Singapore"
1614,THE AXIS,"THE AXIS, Singapore"
1615,THE AZURE,"THE AZURE, Singapore"
1618,THE BALMORAL,"THE BALMORAL, Singapore"
1619,THE BALMORAL SPRING,"THE BALMORAL SPRING, Singapore"
1620,THE BAYRON,"THE BAYRON, Singapore"
1621,THE BAYSHORE,"THE BAYSHORE, Singapore"
1622,THE BEACON,"THE BEACON, Singapore"
1623,THE BEACON EDGE,"THE BEACON EDGE, Singapore"
1624,THE BEAUMONT,"THE BEAUMONT, Singapore"
1625,THE BECCAGAYLE,"THE BECCAGAYLE, Singapore"
1626,THE BELLEFORTE,"THE BELLEFORTE, Singapore"
1627,THE BELMONT,"THE BELMONT, Singapore"
1628,THE BELVEDERE,"THE BELVEDERE, Singapore"
1630,THE BEVERLY,"THE BEVERLY, Singapore"
1631,THE BOTANIC ON LLOYD,"THE BOTANIC ON LLOYD, Singapore"
1633,THE BOUTIQ,"THE BOUTIQ, Singapore"
1634,THE BROOKS I,"THE BROOKS I, Singapore"
1635,THE BROWNSTONE,"THE BROWNSTONE, Singapore"
1637,THE CALLISTA,"THE CALLISTA, Singapore"
1639,THE CALYPSO,"THE CALYPSO, Singapore"
1640,THE CANOPY,"THE CANOPY, Singapore"
1642,THE CAPRI,"THE CAPRI, Singapore"
1643,THE CARPMAELINA,"THE CARPMAELINA, Singapore"
1644,THE CASCADIA,"THE CASCADIA, Singapore"
1645,THE CASSANDRA,"THE CASSANDRA, Singapore"
1647,THE CENTRIO,"THE CENTRIO, Singapore"
1648,THE CENTRIS,"THE CENTRIS, Singapore"
1649,THE CHAMPAGNE,"THE CHAMPAGNE, Singapore"
1650,THE CHUAN,"THE CHUAN, Singapore"
1651,THE CITRINE,"THE CITRINE, Singapore"
1653,THE CLAYMORE,"THE CLAYMORE, Singapore"
1654,THE CLAYTON,"THE CLAYTON, Singapore"
1655,THE CLEARWATER,"THE CLEARWATER, Singapore"
1656,THE CLEMENT CANOPY,"THE CLEMENT CANOPY, Singapore"
1658,THE CLYDESWOOD,"THE CLYDESWOOD, Singapore"
1659,THE COAST AT SENTOSA COVE,"THE COAST AT SENTOSA COVE, Singapore"
1660,THE COLONNADE,"THE COLONNADE, Singapore"
1661,THE COMMODORE,"THE COMMODORE, Singapore"
1662,THE CORNWALL,"THE CORNWALL, Singapore"
1664,THE COTERIE @ HOLLAND,"THE COTERIE @ HOLLAND, Singapore"
1665,THE COTZ,"THE COTZ, Singapore"
1666,THE COURTYARD,"THE COURTYARD, Singapore"
1667,THE CREEK @ BUKIT,"THE CREEK @ BUKIT, Singapore"
1668,THE CREST,"THE CREST, Singapore"
1670,THE CRITERION,"THE CRITERION, Singapore"
1671,THE DAFFODIL,"THE DAFFODIL, Singapore"
1672,THE DAIRY FARM,"THE DAIRY FARM, Singapore"
1673,THE DEW,"THE DEW, Singapore"
1674,THE DRAYCOTT,"THE DRAYCOTT, Singapore"
1677,THE EDEN AT TAMPINES,"THE EDEN AT TAMPINES, Singapore"
1679,THE EDGEWATER,"THE EDGEWATER, Singapore"
1681,THE ELEMENT @ STEVENS,"THE ELEMENT @ STEVENS, Singapore"
1682,THE ELYSIA,"THE ELYSIA, Singapore"
1683,THE EQUATORIAL,"THE EQUATORIAL, Singapore"
1684,THE ESPARIS,"THE ESPARIS, Singapore"
1686,THE ESTA,"THE ESTA, Singapore"
1687,THE ESTIVA,"THE ESTIVA, Singapore"
1688,THE ESTRELLA,"THE ESTRELLA, Singapore"
1689,THE ESTUARY,"THE ESTUARY, Singapore"
1690,THE FERNHILL,"THE FERNHILL, Singapore"
1691,THE FLORAVALE,"THE FLORAVALE, Singapore"
1692,THE FLORENTINE,"THE FLORENTINE, Singapore"
1693,THE FLORIDA,"THE FLORIDA, Singapore"
1694,THE FOLIAGE,"THE FOLIAGE, Singapore"
1695,THE FORD @ HOLLAND,"THE FORD @ HOLLAND, Singapore"
1696,THE FORESTA @ MOUNT FABER,"THE FORESTA @ MOUNT FABER, Singapore"
1697,THE GALE,"THE GALE, Singapore"
1698,THE GARDEN RESIDENCES,"THE GARDEN RESIDENCES, Singapore"
1699,THE GARDENS AT BISHAN,"THE GARDENS AT BISHAN, Singapore"
1700,THE GERANIUM,"THE GERANIUM, Singapore"
1702,THE GLADES,"THE GLADES, Singapore"
1704,THE GLYNDEBOURNE,"THE GLYNDEBOURNE, Singapore"
1705,THE GRANDHILL,"THE GRANDHILL, Singapore"
1708,THE GREENWICH,"THE GREENWICH, Singapore"
1709,THE HACIENDA,"THE HACIENDA, Singapore"
1711,THE HERMITAGE,"THE HERMITAGE, Singapore"
1712,THE HILLFORD,"THE HILLFORD, Singapore"
1713,THE HOLLAND COLLECTION,"THE HOLLAND COLLECTION, Singapore"
1714,THE HORIZON,"THE HORIZON, Singapore"
1715,THE INFLORA,"THE INFLORA, Singapore"
1716,THE INTERWEAVE,"THE INTERWEAVE, Singapore"
1717,THE JADE,"THE JADE, Singapore"
1718,THE JOVELL,"THE JOVELL, Singapore"
1719,THE LADYHILL,"THE LADYHILL, Singapore"
1721,THE LAKESHORE,"THE LAKESHORE, Singapore"
1722,THE LANAI,"THE LANAI, Singapore"
1723,THE LAURELS,"THE LAURELS, Singapore"
1724,THE LEGACY,"THE LEGACY, Singapore"
1725,THE LEGEND,"THE LEGEND, Singapore"
1727,THE LEVELZ,"THE LEVELZ, Singapore"
1728,THE LILIUM,"THE LILIUM, Singapore"
1729,THE LINC,"THE LINC, Singapore"
1730,THE LINCOLN MODERN,"THE LINCOLN MODERN, Singapore"
1731,THE LINCOLN RESIDENCES,"THE LINCOLN RESIDENCES, Singapore"
1732,THE LINE @ TANJONG RHU,"THE LINE @ TANJONG RHU, Singapore"
1733,THE LINEAR,"THE LINEAR, Singapore"
1734,THE LOFT,"THE LOFT, Singapore"
1735,THE LUCENT,"THE LUCENT, Singapore"
1736,THE LUMOS,"THE LUMOS, Singapore"
1737,THE LUXE,"THE LUXE, Singapore"
1738,THE LUXURIE,"THE LUXURIE, Singapore"
1739,THE MADEIRA,"THE MADEIRA, Singapore"
1740,THE MAKENA,"THE MAKENA, Singapore"
1741,THE MARBELLA,"THE MARBELLA, Singapore"
1743,THE MARQUE @ IRRAWADDY,"THE MARQUE @ IRRAWADDY, Singapore"
1744,THE MAYFAIR,"THE MAYFAIR, Singapore"
1746,THE MERASAGA,"THE MERASAGA, Singapore"
1750,THE METZ,"THE METZ, Singapore"
1751,THE MEYERISE,"THE MEYERISE, Singapore"
1752,THE MEZZO,"THE MEZZO, Singapore"
1753,THE MIDAS,"THE MIDAS, Singapore"
1754,THE MILTONIA RESIDENCES,"THE MILTONIA RESIDENCES, Singapore"
1755,THE MINT RESIDENCES,"THE MINT RESIDENCES, Singapore"
1756,THE MKZ,"THE MKZ, Singapore"
1758,THE MONTANA,"THE MONTANA, Singapore"
1759,THE MORNING GLORY,"THE MORNING GLORY, Singapore"
1760,THE MORNINGSIDE,"THE MORNINGSIDE, Singapore"
1761,THE NAUTICAL,"THE NAUTICAL, Singapore"
1762,THE NAVIAN,"THE NAVIAN, Singapore"
1763,THE NCLAVE,"THE NCLAVE, Singapore"
1764,THE NEXUS,"THE NEXUS, Singapore"
1765,THE OCEANFRONT @ SENTOSA COVE,"THE OCEANFRONT @ SENTOSA COVE, Singapore"
1768,THE ORANGE GROVE,"THE ORANGE GROVE, Singapore"
1769,THE ORIENT,"THE ORIENT, Singapore"
1770,THE PALETTE,"THE PALETTE, Singapore"
1771,THE PALLADIUM,"THE PALLADIUM, Singapore"
1772,THE PANORAMA,"THE PANORAMA, Singapore"
1774,THE PATERSON,"THE PATERSON, Singapore"
1775,THE PATERSON EDGE,"THE PATERSON EDGE, Singapore"
1776,THE PEAK,"THE PEAK, Singapore"
1777,THE PEAK @ BALMEG,"THE PEAK @ BALMEG, Singapore"
1778,THE PEAK @ CAIRNHILL I,"THE PEAK @ CAIRNHILL I, Singapore"
1779,THE PEAK @ CAIRNHILL II,"THE PEAK @ CAIRNHILL II, Singapore"
1780,THE PEARL @ MOUNT FABER,"THE PEARL @ MOUNT FABER, Singapore"
1781,THE PETALS,"THE PETALS, Singapore"
1782,THE PRINCETON,"THE PRINCETON, Singapore"
1783,THE PROMINENCE,"THE PROMINENCE, Singapore"
1784,THE PROMONT,"THE PROMONT, Singapore"
1785,THE QUARTZ,"THE QUARTZ, Singapore"
1786,THE QUINN,"THE QUINN, Singapore"
1787,THE RAINFOREST,"THE RAINFOREST, Singapore"
1788,THE REGALIA,"THE REGALIA, Singapore"
1789,THE REGENCY AT TIONG BAHRU,"THE REGENCY AT TIONG BAHRU, Singapore"
1790,THE RESIDENCES AT W SINGAPORE SENTOSA COVE,"THE RESIDENCES AT W SINGAPORE SENTOSA COVE, Singapore"
1791,THE RICHMOND,"THE RICHMOND, Singapore"
1792,THE RITZ-CARLTON RESIDENCES,"THE RITZ-CARLTON RESIDENCES, Singapore"
1793,THE RIVERVALE,"THE RIVERVALE, Singapore"
1795,THE SANTORINI,"THE SANTORINI, Singapore"
1796,THE SCALA,"THE SCALA, Singapore"
1798,THE SCOTTS TOWER,"THE SCOTTS TOWER, Singapore"
1799,THE SEAFRONT ON MEYER,"THE SEAFRONT ON MEYER, Singapore"
1800,THE SENSORIA,"THE SENSORIA, Singapore"
1801,THE SENTINEL,"THE SENTINEL, Singapore"
1802,THE SERENADE @ HOLLAND,"THE SERENADE @ HOLLAND, Singapore"
1804,THE SERENNO,"THE SERENNO, Singapore"
1805,THE SHORE RESIDENCES,"THE SHORE RESIDENCES, Singapore"
1806,THE SIENA,"THE SIENA, Singapore"
1807,THE SIERRA,"THE SIERRA, Singapore"
1808,THE SILVER FIR,"THE SILVER FIR, Singapore"
1811,THE SORRENTO,"THE SORRENTO, Singapore"
1812,THE SOUND,"THE SOUND, Singapore"
1813,THE SOVEREIGN,"THE SOVEREIGN, Singapore"
1814,THE SPECTRUM,"THE SPECTRUM, Singapore"
1815,THE SPINNAKER,"THE SPINNAKER, Singapore"
1816,THE SPRINGBLOOM,"THE SPRINGBLOOM, Singapore"
1817,THE SPRINGS,"THE SPRINGS, Singapore"
1819,THE SUMMIT,"THE SUMMIT, Singapore"
1823,THE SUNNY SPRING,"THE SUNNY SPRING, Singapore"
1824,THE SUNNYDALE,"THE SUNNYDALE, Singapore"
1825,THE SUNSHINE,"THE SUNSHINE, Singapore"
1827,THE TAMPINES TRILLIANT,"THE TAMPINES TRILLIANT, Singapore"
1828,THE TANAMERA,"THE TANAMERA, Singapore"
1829,THE TAPESTRY,"THE TAPESTRY, Singapore"
1830,THE TATE RESIDENCES,"THE TATE RESIDENCES, Singapore"
1831,THE TERRACE,"THE TERRACE, Singapore"
1832,THE TESSARINA,"THE TESSARINA, Singapore"
1833,THE TIER,"THE TIER, Singapore"
1834,THE TOPIARY,"THE TOPIARY, Singapore"
1835,THE TREELINE,"THE TREELINE, Singapore"
1836,THE TRESOR,"THE TRESOR, Singapore"
1838,THE TRILINQ,"THE TRILINQ, Singapore"
1839,THE TRILLIUM,"THE TRILLIUM, Singapore"
1840,THE TRIZON,"THE TRIZON, Singapore"
1842,THE TROPICA,"THE TROPICA, Singapore"
1843,THE TRUMPS,"THE TRUMPS, Singapore"
1844,THE TWINS,"THE TWINS, Singapore"
1845,THE URBANITE,"THE URBANITE, Singapore"
1846,THE VALES,"THE VALES, Singapore"
1848,THE VANTAGE,"THE VANTAGE, Singapore"
1849,THE VERMONT ON CAIRNHILL,"THE VERMONT ON CAIRNHILL, Singapore"
1850,THE VERTE,"THE VERTE, Singapore"
1851,THE VERV @ RV,"THE VERV @ RV, Singapore"
1852,THE VERVE,"THE VERVE, Singapore"
1854,THE VIEW @ MEYER,"THE VIEW @ MEYER, Singapore"
1855,THE VILLAGE,"THE VILLAGE, Singapore"
1856,THE VINES,"THE VINES, Singapore"
1857,THE VIRIDIAN,"THE VIRIDIAN, Singapore"
1858,THE VISION,"THE VISION, Singapore"
1859,THE VISIONAIRE,"THE VISIONAIRE, Singapore"
1860,THE VUE,"THE VUE, Singapore"
1861,THE WARREN,"THE WARREN, Singapore"
1862,THE WATER EDGE,"THE WATER EDGE, Singapore"
1863,THE WATERGARDENS AT CANBERRA,"THE WATERGARDENS AT CANBERRA, Singapore"
1864,THE WATERINA,"THE WATERINA, Singapore"
1865,THE WATERLINE,"THE WATERLINE, Singapore"
1866,THE WATERSIDE,"THE WATERSIDE, Singapore"
1867,THE WINDSOR,"THE WINDSOR, Singapore"
1868,THE WISTERIA,"THE WISTERIA, Singapore"
1869,THE WOODGROVE,"THE WOODGROVE, Singapore"
1870,THE WOODLEIGH RESIDENCES,"THE WOODLEIGH RESIDENCES, Singapore"
1871,THE YARDLEY,"THE YARDLEY, Singapore"
1872,THOMSON 800,"THOMSON 800, Singapore"
1876,THOMSON IMPRESSIONS,"THOMSON IMPRESSIONS, Singapore"
1878,THOMSON PLAZA,"THOMSON PLAZA, Singapore"
1879,THOMSON THREE,"THOMSON THREE, Singapore"
1880,THOMSON V ONE,"THOMSON V ONE, Singapore"
1881,THOMSON V TWO,"THOMSON V TWO, Singapore"
1884,THREE 11,"THREE 11, Singapore"
1885,THREE BALMORAL,"THREE BALMORAL, Singapore"
1886,THREE BUCKLEY,"THREE BUCKLEY, Singapore"
1887,THREE THREE ROBIN,"THREE THREE ROBIN, Singapore"
1888,TIANSO HEIGHTS,"TIANSO HEIGHTS, Singapore"
1889,TIARA,"TIARA, Singapore"
1890,TIERRA VUE,"TIERRA VUE, Singapore"
1891,TIONG BAHRU ESTATE,"TIONG BAHRU ESTATE, Singapore"
1895,TOMLINSON HEIGHTS,"TOMLINSON HEIGHTS, Singapore"
1896,TOP TEN,"TOP TEN, Singapore"
1897,TOPAZ MANSIONS,"TOPAZ MANSIONS, Singapore"
1899,TOWNHOUSE APARTMENTS,"TOWNHOUSE APARTMENTS, Singapore"
1900,TRE RESIDENCES,"TRE RESIDENCES, Singapore"
1901,TREASURE AT TAMPINES,"TREASURE AT TAMPINES, Singapore"
1903,TREASURE LOFT,"TREASURE LOFT, Singapore"
1905,TREASURE ON BALMORAL,"TREASURE ON BALMORAL, Singapore"
1906,TREASURE PLACE,"TREASURE PLACE, Singapore"
1907,TREASURES @ G20,"TREASURES @ G20, Singapore"
1908,TREE HOUSE,"TREE HOUSE, Singapore"
1910,TREETOPS EXECUTIVE RESIDENCES,"TREETOPS EXECUTIVE RESIDENCES, Singapore"
1911,TRELLIS TOWERS,"TRELLIS TOWERS, Singapore"
1912,TRENDALE TOWER,"TRENDALE TOWER, Singapore"
1913,TRESALVEO,"TRESALVEO, Singapore"
1914,TREVISTA,"TREVISTA, Singapore"
1915,TREVOSE PARK,"TREVOSE PARK, Singapore"
1917,TRILIGHT,"TRILIGHT, Singapore"
1918,TRILIVE,"TRILIVE, Singapore"
1919,TROPICAL SPRING,"TROPICAL SPRING, Singapore"
1922,TROPIKA EAST,"TROPIKA EAST, Singapore"
1923,TURQUOISE,"TURQUOISE, Singapore"
1924,TWENTYONE ANGULLIA PARK,"TWENTYONE ANGULLIA PARK, Singapore"
1925,TWIN FOUNTAINS,"TWIN FOUNTAINS, Singapore"
1926,TWIN HEIGHTS,"TWIN HEIGHTS, Singapore"
1927,TWIN PEAKS,"TWIN PEAKS, Singapore"
1928,TWIN REGENCY,"TWIN REGENCY, Singapore"
1929,TWIN VEW,"TWIN VEW, Singapore"
1930,TWIN WATERFALLS,"TWIN WATERFALLS, Singapore"
1931,TYRWHITT 139,"TYRWHITT 139, Singapore"
1933,UNI BUILDING,"UNI BUILDING, Singapore"
1934,UNIT 8,"UNIT 8, Singapore"
1937,URBAN EDGE @ HOLLAND V,"URBAN EDGE @ HOLLAND V, Singapore"
1938,URBAN LOFTS,"URBAN LOFTS, Singapore"
1939,URBAN RESIDENCES,"URBAN RESIDENCES, Singapore"
1941,URBAN SUITES,"URBAN SUITES, Singapore"
1942,URBAN VISTA,"URBAN VISTA, Singapore"
1943,URBANA,"URBANA, Singapore"
1944,VA RESIDENCES,"VA RESIDENCES, Singapore"
1945,VACANZA @ EAST,"VACANZA @ EAST, Singapore"
1947,VALLEY MANSION,"VALLEY MANSION, Singapore"
1948,VALLEY PARK,"VALLEY PARK, Singapore"
1951,VENEZIO,"VENEZIO, Singapore"
1952,VENTANA,"VENTANA, Singapore"
1953,VENTUNO BALMORAL,"VENTUNO BALMORAL, Singapore"
1955,VERANDA,"VERANDA, Singapore"
1956,VERDUN HOUSE,"VERDUN HOUSE, Singapore"
1957,VERDURE,"VERDURE, Singapore"
1958,VERSAILLES,"VERSAILLES, Singapore"
1960,VERTIS,"VERTIS, Singapore"
1961,VIBES @ EAST COAST,"VIBES @ EAST COAST, Singapore"
1962,VIBES @ KOVAN,"VIBES @ KOVAN, Singapore"
1964,VICENTA LODGE,"VICENTA LODGE, Singapore"
1965,VICTORY 8,"VICTORY 8, Singapore"
1966,VICTORY HEIGHTS,"VICTORY HEIGHTS, Singapore"
1967,VIDA,"VIDA, Singapore"
1968,VIENTO,"VIENTO, Singapore"
1969,VIIO @ BALESTIER,"VIIO @ BALESTIER, Singapore"
1970,VILLA AZURA,"VILLA AZURA, Singapore"
1971,VILLA CHANCERITA,"VILLA CHANCERITA, Singapore"
1972,VILLA CHANCERY,"VILLA CHANCERY, Singapore"
1973,VILLA DE WEST,"VILLA DE WEST, Singapore"
1975,VILLA DES FLORES,"VILLA DES FLORES, Singapore"
1976,VILLA MARINA,"VILLA MARINA, Singapore"
1979,VILLAGE @ PASIR PANJANG,"VILLAGE @ PASIR PANJANG, Singapore"
1980,VILLAGE TOWER,"VILLAGE TOWER, Singapore"
1981,VILLAS LAGUNA,"VILLAS LAGUNA, Singapore"
1982,VILLE ROYALE,"VILLE ROYALE, Singapore"
1983,VINA LODGE,"VINA LODGE, Singapore"
1984,VISTA GARDEN,"VISTA GARDEN, Singapore"
1985,VISTA PARK,"VISTA PARK, Singapore"
1986,VISTA RESIDENCES,"VISTA RESIDENCES, Singapore"
1988,VIVA,"VIVA, Singapore"
1989,VIVA VISTA,"VIVA VISTA, Singapore"
1990,VIVACE,"VIVACE, Singapore"
1991,VIZ AT HOLLAND,"VIZ AT HOLLAND, Singapore"
1992,VOGX,"VOGX, Singapore"
1993,VOLARI,"VOLARI, Singapore"
1995,WAI WING CENTRE,"WAI WING CENTRE, Singapore"
1996,WAN THO LODGE,"WAN THO LODGE, Singapore"
1998,WARNER COURT,"WARNER COURT, Singapore"
1999,WATERBANK AT DAKOTA,"WATERBANK AT DAKOTA, Singapore"
2000,WATERBAY,"WATERBAY, Singapore"
2001,WATERCOLOURS,"WATERCOLOURS, Singapore"
2002,WATERFALL GARDENS,"WATERFALL GARDENS, Singapore"
2003,WATERFORD RESIDENCE,"WATERFORD RESIDENCE, Singapore"
2004,WATERFRONT @ FABER,"WATERFRONT @ FABER, Singapore"
2005,WATERFRONT GOLD,"WATERFRONT GOLD, Singapore"
2006,WATERFRONT ISLE,"WATERFRONT ISLE, Singapore"
2007,WATERFRONT KEY,"WATERFRONT KEY, Singapore"
2008,WATERFRONT WAVES,"WATERFRONT WAVES, Singapore"
2010,WATERVIEW,"WATERVIEW, Singapore"
2011,WATERWOODS,"WATERWOODS, Singapore"
2012,WEMBLY RESIDENCES,"WEMBLY RESIDENCES, Singapore"
2013,WEST BAY CONDOMINIUM,"WEST BAY CONDOMINIUM, Singapore"
2014,WESTCOVE CONDOMINIUM,"WESTCOVE CONDOMINIUM, Singapore"
2016,WESTMERE,"WESTMERE, Singapore"
2017,WESTPEAK,"WESTPEAK, Singapore"
2018,WESTPOINT CONDOMINIUM,"WESTPOINT CONDOMINIUM, Singapore"
2019,WESTWOOD RESIDENCES,"WESTWOOD RESIDENCES, Singapore"
2022,WHITEWATER,"WHITEWATER, Singapore"
2025,WILLYN VILLE,"WILLYN VILLE, Singapore"
2026,WINDY HEIGHTS,"WINDY HEIGHTS, Singapore"
2028,WING FONG MANSIONS,"WING FONG MANSIONS, Singapore"
2029,WING ON LIFE GARDEN,"WING ON LIFE GARDEN, Singapore"
2031,WOODGROVE CONDOMINIUM,"WOODGROVE CONDOMINIUM, Singapore"
2032,WOODHAVEN,"WOODHAVEN, Singapore"
2033,WOODSVALE,"WOODSVALE, Singapore"
2034,WOODSVILLE 28,"WOODSVILLE 28, Singapore"
2035,WOODSVILLE CLOSE,"WOODSVILLE CLOSE, Singapore"
2037,WORTHINGTON,"WORTHINGTON, Singapore"
2040,YGK GARDEN,"YGK GARDEN, Singapore"
2042,YINCHUAN BUILDING,"YINCHUAN BUILDING, Singapore"
2044,YISHUN EMERALD,"YISHUN EMERALD, Singapore"
2045,YISHUN SAPPHIRE,"YISHUN SAPPHIRE, Singapore"
2046,YONG AN PARK,"YONG AN PARK, Singapore"
2047,YONG SIAK COURT,"YONG SIAK COURT, Singapore"
2048,YONG SIAK STREET,"YONG SIAK STREET, Singapore"
2049,YONG SIAK VIEW,"YONG SIAK VIEW, Singapore"
2050,ZEDGE,"ZEDGE, Singapore"
2051,ZENITH,"ZENITH, Singapore"
